gene,cell_type,mean_wt,mean_ko,log2fc
DNAJB1,quiescent,4.608826695371367,4.385360602798708,-0.07170404077225957
HNRNPA1,quiescent,17.821959095801937,17.934983853606028,0.009120511273758092
VIM,quiescent,42.64477933261571,42.516684607104416,-0.00434003259392322
HBA2,quiescent,0.476210979547901,0.45748116254036597,-0.057888544198248196
EIF1,quiescent,16.085252960172227,15.901829924650162,-0.016545829150957397
EEF1B2,quiescent,25.168568353067815,25.184499461786867,0.0009129029593721786
CHCHD7,quiescent,0.6264800861141012,0.6551130247578041,0.06447518061829877
EMP3,quiescent,3.1332615715823464,3.1156081808396126,-0.008151402744692504
H1F0,quiescent,0.9231431646932186,0.9506996770721206,0.04243526627509777
LDHB,quiescent,10.935199138858987,10.958019375672766,0.0030075664189388256
RPSA,quiescent,56.07362755651238,55.741657696447795,-0.008566497450258793
PDZD2,quiescent,0.1814854682454252,0.17093649085037674,-0.08639362330854645
OTUD1,quiescent,0.3130247578040904,0.3085037674919268,-0.0209886595899073
GAPDH,quiescent,71.59375672766416,72.01313240043056,0.008426238141916216
MIF,quiescent,4.040473627556512,3.9481162540365986,-0.033359945534153654
GNAS,quiescent,18.681593110871905,18.640688912809473,-0.0031623097046033152
BNIP3,quiescent,3.7640473627556514,3.840043057050592,0.02883770594535612
WSCD1,quiescent,0.2458557588805167,0.25984930032292786,0.07986302507616899
LGALS1,quiescent,16.85920344456405,16.71194833153929,-0.012656437003531962
FKBP4,quiescent,2.420452099031216,2.4071044133476858,-0.00797782023095484
HSPH1,quiescent,2.655328310010764,2.580193756727664,-0.04141084242570106
CNBP,quiescent,5.595479009687836,5.654251883745963,0.015074512657956129
FLCN,quiescent,0.4727664155005382,0.48632938643702905,0.04080621630278124
FOXO1,quiescent,0.4002152852529602,0.42540365984930034,0.08805617645175413
SMPDL3A,quiescent,0.3898815931108719,0.39892357373519916,0.033076334993226174
CCT8,quiescent,4.42583423035522,4.520344456404736,0.03048329614929543
ID2,quiescent,0.643702906350915,0.6340150699677072,-0.021877850333397942
ZNF100,quiescent,0.27341227125941875,0.2902045209903122,0.085991999217006
MBD6,quiescent,0.4458557588805167,0.4675995694294941,0.06869654943338248
HSPA1A,quiescent,0.2779332615715823,0.32917115177610334,0.24409940524562893
APOE,quiescent,6.307427341227126,6.432723358449946,0.028377964313524448
RPL22L1,quiescent,2.107427341227126,2.0981700753498385,-0.006351265617684502
ANXA2R,quiescent,0.2473627556512379,0.24973089343379978,0.013746007313514759
C1orf21,quiescent,0.2945102260495156,0.3001076426264801,0.0271623308911594
PARK7,quiescent,4.840904198062432,4.81248654467169,-0.008494036372148319
PDCD5,quiescent,1.8047362755651237,1.782346609257266,-0.018010110755995835
GLUL,quiescent,1.802583423035522,1.8116254036598494,0.007218646426093237
ING4,quiescent,0.6254036598493004,0.6458557588805167,0.04642433701830253
KLF2,quiescent,0.3769644779332616,0.3931108719052745,0.06050768139347059
NDUFS6,quiescent,3.434660925726588,3.4592034445640474,0.010272183463662763
TNNT1,quiescent,1.9733046286329385,1.9489773950484393,-0.01789633130626391
MYB,quiescent,0.1713670613562971,0.1644779332615716,-0.05919579215528265
WIPF2,quiescent,0.48719052744886976,0.47685683530678147,-0.0309298857603402
OTUD3,quiescent,0.4456404736275565,0.4445640473627557,-0.0034889860720410657
DUSP1,quiescent,0.7156081808396125,0.7702906350914962,0.10623300513844601
NPM1,quiescent,29.980409041980625,30.30075349838536,0.015333603060672458
MYO19,quiescent,0.4604951560818084,0.4557588805166846,-0.014915213124897398
DDRGK1,quiescent,0.7791173304628632,0.7689989235737352,-0.01885902722695117
AC244197.2,quiescent,0.23745963401506998,0.2441334768568353,0.03998784918476019
PTEN,quiescent,0.553713670613563,0.5603875134553283,0.017284669045135297
PLEKHF2,quiescent,0.37588805166846073,0.37502691065662,-0.0033089350217624827
IP6K2,quiescent,0.9354144241119483,0.6488697524219591,-0.5276767594228472
CLN5,quiescent,0.49429494079655545,0.49429494079655545,0.0
DNAH6,quiescent,0.19268030139935413,0.19634015069967709,0.02714614187355339
CEP72,quiescent,0.22432723358449946,0.24004305705059203,0.09768843210810225
LAMA2,quiescent,0.8310010764262648,0.8678148546824542,0.06253693562198977
DDIT4,quiescent,2.7793326157158234,2.894940796555436,0.058795345507848984
FAM83G,quiescent,0.18643702906350915,0.19289558665231432,0.04913170707178631
STIM2,quiescent,0.5085037674919268,0.5087190527448869,0.0006106645754887536
PANK2,quiescent,0.7804090419806243,0.7821313240043057,0.003180370621755158
COMP,quiescent,0.009903121636167923,0.008611410118406888,-0.2016338393175276
HSPA6,quiescent,1.4077502691065662,1.3496232508073196,-0.060834693466760036
SF1,quiescent,2.2017222820236815,2.2131324004305704,0.007457259216759424
POLA1,quiescent,0.3808396124865447,0.37007534983853607,-0.041364503102211375
POLH,quiescent,0.2798708288482239,0.28288482238966633,0.015453652351590564
GAMT,quiescent,1.1130247578040904,1.1306781485468245,0.02270263567035218
AL450384.1,quiescent,0.1720129171151776,0.1838536060279871,0.09604056615235876
PKN3,quiescent,0.23853606027987082,0.2170075349838536,-0.13646224194925968
OBSL1,quiescent,0.8232508073196986,0.8426264800861141,0.03356123260575923
CCDC28A,quiescent,0.38751345532831,0.4152852529601722,0.09985623658309756
CCDC144NL-AS1,quiescent,0.2092572658772874,0.2234660925726588,0.09477822431373024
MYLPF,quiescent,1.0686759956942948,1.1059203444564047,0.04942295817113894
SLC26A5,quiescent,0.1069967707212056,0.09386437029063509,-0.1889177148989017
SLC3A2,quiescent,1.802368137782562,1.7872981700753499,-0.012113379645352345
LAMA4,quiescent,1.2839612486544671,1.2876210979547902,0.004106459980714286
MDH2,quiescent,2.26243272335845,2.2970936490850375,0.021934782178946267
PABPN1,quiescent,1.5709364908503767,1.2697524219590959,-0.30707763114243586
DNAI1,quiescent,0.18040904198062432,0.17395048439181915,-0.05259495065064596
DCP2,quiescent,0.9498385360602799,0.970075349838536,0.03041452261235983
GPCPD1,quiescent,0.667384284176534,0.685037674919268,0.03766562011374042
AC106707.1,quiescent,0.27857911733046287,0.2671689989235737,-0.06033450164097907
OAS3,quiescent,0.22734122712594187,0.20731969860064586,-0.13300213090214574
EIF2A,quiescent,0.916254036598493,1.178902045209903,0.3636242954059136
MAPK11,quiescent,0.1644779332615716,0.17567276641550053,0.09499651337678758
ANKH,quiescent,0.2641550053821313,0.2874058127018299,0.12170449247017803
FSTL5,quiescent,0.2310010764262648,0.24305705059203445,0.07339540970669807
SNRPF,quiescent,4.710226049515608,4.670828848223897,-0.012117716332113764
ZBTB48,quiescent,0.2940796555435953,0.2925726587728741,-0.007412027497430072
RFWD3,quiescent,0.4566200215285253,0.46006458557588803,0.010842287105600253
RBM4,quiescent,0.511302475780409,0.5627556512378902,0.13833162743177901
BANF1,quiescent,3.5860064585575886,3.680301399354144,0.03744583447368486
DEDD2,quiescent,0.4675995694294941,0.4983853606027987,0.09198809015265366
AC148476.1,quiescent,0.226264800861141,0.2208826695371367,-0.03473193819976038
PPP2R3B,quiescent,0.2596340150699677,0.2908503767491927,0.16379776682921626
LNCSRLR,quiescent,0.18428417653390744,0.15371367061356297,-0.26168672081509037
CDC37,quiescent,1.8973089343379979,1.908719052744887,0.008650157384098493
ATL2,quiescent,0.4286329386437029,0.41076426264800864,-0.061432049568574794
MTRNR2L10,quiescent,0.2092572658772874,0.218729817007535,0.06387218286781024
LNX2,quiescent,0.21593110871905274,0.21442411194833155,-0.010103958497142846
SULT1E1,quiescent,0.7638320775026911,0.768783638320775,0.009322124272836416
GTSE1,quiescent,0.6288482238966631,0.6456404736275565,0.03801916397989276
TOP2A,quiescent,2.423896663078579,2.3270182992465016,-0.058845638435406536
BIRC5,quiescent,0.6247578040904198,0.6099031216361679,-0.03471691763240336
TPX2,quiescent,1.7089343379978472,1.6826695371367062,-0.022345095018270443
NUSAP1,quiescent,0.42669537136706137,0.4217438105489774,-0.016839564879204915
CENPF,quiescent,2.6258342303552205,2.5119483315392896,-0.06396905171357829
PTTG1,quiescent,1.347685683530678,1.297524219590958,-0.05472259232414784
HJURP,quiescent,0.3621097954790097,0.37029063509149623,0.032230859246294596
UBE2C,quiescent,2.6159311087190527,2.6111948331539288,-0.002614439833072592
RACGAP1,quiescent,0.4129171151776103,0.4152852529601722,0.00825042301104878
NDC80,quiescent,0.3922497308934338,0.4021528525296017,0.03597149581703928
CDCA3,quiescent,0.4564047362755651,0.45769644779332613,0.004077332071622109
DLGAP5,quiescent,0.4917115177610334,0.5246501614639397,0.09354360017629319
CDKN3,quiescent,0.4219590958019376,0.4458557588805167,0.07947389903469004
NUF2,quiescent,0.4006458557588805,0.38858988159311086,-0.044079218172899726
FBXO5,quiescent,0.570075349838536,0.5756727664155006,0.014096343261528449
CCNA2,quiescent,0.4204520990312164,0.46458557588805166,0.14400291527526798
KIF23,quiescent,0.3913885898815931,0.43057050592034446,0.13764780013254552
UBALD2,quiescent,0.6219590958019375,0.5965554359526373,-0.060163492984420835
PRRT2,quiescent,0.3341227125941873,0.3463939720129171,0.05203576838335513
ELN,quiescent,1.5989235737351992,1.6880516684607105,0.07825808147236983
KIF2C,quiescent,0.5235737351991389,0.5257265877287406,0.005919971532534092
CDC20,quiescent,0.596124865446717,0.5829924650161464,-0.032137314737418335
SGO1,quiescent,0.3969860064585576,0.38858988159311086,-0.03083981857628343
CCDC18,quiescent,0.3293864370290635,0.308719052744887,-0.09348662858489118
SPC25,quiescent,0.37825618945102263,0.39526372443487623,0.06345186724131872
KIFC1,quiescent,1.0981700753498385,1.1046286329386437,0.008459924786792115
HMMR,quiescent,0.78751345532831,0.8135629709364909,0.04694944345258768
TTK,quiescent,0.3634015069967707,0.4002152852529602,0.13921186584711867
PIMREG,quiescent,0.4751345532831001,0.48310010764262645,0.02398604627911352
CKS2,quiescent,1.781485468245425,1.7965554359526372,0.012152737661225592
IER5,quiescent,0.8376749192680302,0.8417653390742734,0.00702762721348977
MIR503HG,quiescent,0.263724434876211,0.2667384284176534,0.01639443818885528
JUND,quiescent,2.191173304628633,2.1741657696447794,-0.011241651610493954
AURKB,quiescent,0.4503767491926803,0.44284176533907427,-0.024341057667502993
MEST,quiescent,4.1218514531754575,4.032077502691066,-0.03176914281502816
CKAP2,quiescent,0.7993541442411195,0.7937567276641551,-0.01013789874819507
PSRC1,quiescent,0.17502691065662002,0.1696447793326157,-0.045059722357144415
TMEM185A,quiescent,0.4223896663078579,0.3974165769644779,-0.087922488358836
CDCA2,quiescent,0.38815931108719054,0.4271259418729817,0.13801262861545396
CDK1,quiescent,0.669967707212056,0.7059203444564047,0.07541384129719679
FOXM1,quiescent,0.4493003229278794,0.0673842841765339,-2.7371960200282355
PRC1,quiescent,0.3756727664155005,0.361248654467169,-0.05648432050385416
ASPM,quiescent,1.141227125941873,1.134983853606028,-0.007914170257767477
HIST1H4C,quiescent,6.986221743810549,6.513885898815931,-0.10099398598693175
HIST2H2AC,quiescent,0.40904198062432723,0.3935414424111948,-0.05573334802132113
CCNB1,quiescent,1.516038751345533,1.5272335844994618,0.010614103065081803
NET1,quiescent,0.8482238966630786,0.8936490850376749,0.07526330217341348
LSM5,quiescent,2.105059203444564,2.079009687836383,-0.01796432780071593
PBX3,quiescent,0.2488697524219591,0.27405812701829924,0.13909102086788433
FAM122B,quiescent,0.3472551130247578,0.37072120559741656,0.09433870397822335
PAX6,quiescent,0.4542518837459634,0.4510226049515608,-0.010292754985093836
FANCD2,quiescent,0.3571582346609257,0.348762109795479,-0.034320073086632034
LIG1,quiescent,0.34617868675995694,0.342518837459634,-0.015333570803350778
HIST1H1C,quiescent,0.5132400430570506,0.528740581270183,0.042926324825611956
REXO5,quiescent,0.21593110871905274,0.2193756727664155,0.022832445448726195
UBE2S,quiescent,1.8484391819160388,1.877502691065662,0.022507399397487658
CDKN2C,quiescent,0.5834230355220668,0.5808396124865447,-0.006402503281967933
HIST1H2AG,quiescent,0.1597416576964478,0.17954790096878365,0.1686281958275879
TUBA1B,quiescent,13.266738428417653,12.953067814854682,-0.034519906398271516
FIGNL1,quiescent,0.4869752421959096,0.4813778256189451,-0.016678741112181962
CD9,quiescent,1.640043057050592,1.5339074273412272,-0.09652227367564427
DDB2,quiescent,0.3832077502691066,0.3916038751345533,0.03126830171700797
NCAPG2,quiescent,0.3597416576964478,0.3722282023681378,0.049226135446564796
CKS1B,quiescent,1.5629709364908504,1.572443487621098,0.008717217095548582
RTKN2,quiescent,0.29472551130247576,0.32594187298170074,0.14524275825901975
SPC24,quiescent,0.30505920344456405,0.31819160387513457,0.06080651103294775
HIST1H2BH,quiescent,0.18428417653390744,0.18234660925726587,-0.015248826985763379
NCAPH,quiescent,0.3397201291711518,0.32960172228202367,-0.04362292238330138
HMGB2,quiescent,2.623896663078579,2.614639397201292,-0.005098915161311359
HIST1H1A,quiescent,0.16620021528525297,0.15328310010764262,-0.11672360557018305
CHEK2,quiescent,0.3638320775026911,0.3543595263724435,-0.038058910641923405
AZI2,quiescent,0.816361679224973,0.8391819160387514,0.039775126311573976
TROAP,quiescent,0.43057050592034446,0.43358449946178684,0.010063683321405992
VAMP1,quiescent,0.20279870828848223,0.2015069967707212,-0.009218529983776536
COX7B,quiescent,4.168783638320775,4.191603875134553,0.007875884744917062
AL031777.3,quiescent,0.23745963401506998,0.21334768568353069,-0.1544758277182544
TRIM59,quiescent,0.39332615715823466,0.3709364908503768,-0.08455393218114428
LRRC45,quiescent,0.2264800861141012,0.23358449946178686,0.04456033784579505
PIDD1,quiescent,0.3519913885898816,0.3689989235737352,0.06807647353814326
PITHD1,quiescent,0.7853606027987083,0.761248654467169,-0.044987454715125136
CCSAP,quiescent,0.48675995694294943,0.503767491926803,0.04954753761917543
PTP4A1,quiescent,0.8232508073196986,0.8404736275565123,0.02987052954622705
SCMH1,quiescent,0.28805166846071045,0.27621097954790097,-0.060556945337074376
PFDN1,quiescent,0.8019375672766416,0.8081808396124865,0.011188224580090446
SGO2,quiescent,0.3573735199138859,0.37351991388589884,0.0637524210568288
H2AFX,quiescent,1.0236813778256189,1.0503767491926803,0.037140142142283485
LIN9,quiescent,0.3610333692142088,0.33756727664155006,-0.09695712917135366
CDK5RAP3,quiescent,0.53756727664155,0.5601722282023681,0.059425140681284384
NCAPD2,quiescent,1.1709364908503768,1.197631862217438,0.032521679760835066
ANP32E,quiescent,1.2195909580193758,1.2251883745963401,0.006606223419349423
SGCE,quiescent,0.860064585575888,0.8553283100107643,-0.007966709717951818
NEK2,quiescent,0.4157158234660926,0.3767491926803014,-0.14199324187202206
ZNF230,quiescent,0.21765339074273413,0.21442411194833155,-0.021565349735108326
RNF219,quiescent,0.4729817007534984,0.4667384284176534,-0.01917011302860409
CDCA5,quiescent,0.4757804090419806,0.47728740581270185,0.004562400578939323
LMO4,quiescent,0.7330462863293864,0.7026910656620021,-0.06101374084291969
YPEL1,quiescent,0.36490850376749195,0.3418729817007535,-0.0940743606143551
DNAJB1,intermediate,4.353113983548766,4.5066588327457895,0.050010441260076144
HNRNPA1,intermediate,17.536819428123778,17.800039169604386,0.02149329931789027
VIM,intermediate,42.33470426948688,42.52448100274187,0.0064528172760672
HBA2,intermediate,0.48021934978456715,0.4835487661574618,0.009967857431315072
EIF1,intermediate,16.109087348217784,16.154524089306697,0.004063488335895585
EEF1B2,intermediate,25.46650998824912,25.483548766157462,0.000964935543061325
CHCHD7,intermediate,0.6353309831570702,0.6243634939287113,-0.025122190186913296
EMP3,intermediate,3.1752839796318058,3.162749706227967,-0.005706235891429147
H1F0,intermediate,0.9508421464943204,0.9853113983548766,0.05137389392586866
LDHB,intermediate,10.839992166079123,10.834900117508813,-0.0006778601949857815
RPSA,intermediate,55.906580493537014,55.75969447708578,-0.0037954494279413458
PDZD2,intermediate,0.18958088523305916,0.17743830787309048,-0.09549599670759254
OTUD1,intermediate,0.327262044653349,0.3133568350959655,-0.06263982809084158
GAPDH,intermediate,71.40403446925185,71.10458284371327,-0.0060630440339226625
MIF,intermediate,3.928711320015668,3.9696435566000785,0.014953307190891618
GNAS,intermediate,18.60889150019585,18.51840971406189,-0.007031907965571082
BNIP3,intermediate,3.7493145319232277,3.9120642381511948,0.06130320114819457
WSCD1,intermediate,0.26243634939287114,0.2602820211515864,-0.011891896023459551
LGALS1,intermediate,16.55777516647082,17.024285154719937,0.04008538716705668
FKBP4,intermediate,2.419114766940854,2.4794359576968272,0.03553274703311421
HSPH1,intermediate,2.5947904426165294,2.5710928319623974,-0.013236328952867514
CNBP,intermediate,5.741088915001958,5.717391304347826,-0.005967366257024782
FLCN,intermediate,0.47610654132393265,0.4925577751664708,0.049008506562953406
FOXO1,intermediate,0.426948687818253,0.4061887974931453,-0.07191224067836167
SMPDL3A,intermediate,0.42107324716020367,0.39247943595769685,-0.10145415103199831
CCT8,intermediate,4.396200548374462,4.440853897375637,0.014579906422386034
ID2,intermediate,0.6214257735996866,0.6235801018409715,0.004992814617990751
ZNF100,intermediate,0.2902467685076381,0.2902467685076381,0.0
MBD6,intermediate,0.47218958088523305,0.44594594594594594,-0.08249735928609933
HSPA1A,intermediate,0.2935761848805327,0.34586760673717193,0.23648495895763108
APOE,intermediate,6.230708969839404,6.403055229142185,0.039364122243829826
RPL22L1,intermediate,2.1807677242459853,2.1171171171171173,-0.04273503503325001
ANXA2R,intermediate,0.24010967489228358,0.23873873873873874,-0.008260853036066164
C1orf21,intermediate,0.3145319232275754,0.2900509204857031,-0.11690025184132974
PARK7,intermediate,4.862514688601645,4.81825303564434,-0.013192447952448928
PDCD5,intermediate,1.773599686643165,1.745397571484528,-0.023124725478707257
GLUL,intermediate,1.8223658441049746,1.8045436741088916,-0.01417855233448411
ING4,intermediate,0.6396396396396397,0.6504112808460635,0.0240929319036598
KLF2,intermediate,0.38229533881707795,0.36231884057971014,-0.07742778195114436
NDUFS6,intermediate,3.3885624755189974,3.3873873873873874,-0.0005003855904709331
TNNT1,intermediate,1.9719937328632982,1.9770857814336076,0.003720501074438081
MYB,intermediate,0.18899334116725422,0.15667841754798276,-0.27052894080629314
WIPF2,intermediate,0.4669016842929886,0.49236192714453586,0.07660041379856472
OTUD3,intermediate,0.44398746572659614,0.42401096748922834,-0.06641736597360894
DUSP1,intermediate,0.7283587935761848,0.7359968664316491,0.015050318787512078
NPM1,intermediate,30.015863689776733,29.936741088915003,-0.0038080030242697792
MYO19,intermediate,0.4535840188014101,0.4336075205640423,-0.06498003106114997
DDRGK1,intermediate,0.754602428515472,0.7929886408147278,0.07158345692436022
AC244197.2,intermediate,0.24304739522130828,0.22796709753231492,-0.09241205682940862
PTEN,intermediate,0.5148844496670584,0.5532706619663141,0.10373672537746395
PLEKHF2,intermediate,0.3991382687034861,0.40227183705444575,0.011282130124225033
IP6K2,intermediate,0.7700744222483353,0.8039561300430865,0.06211890024563219
CLN5,intermediate,0.5262436349392872,0.48962005483744614,-0.10406822625865282
DNAH6,intermediate,0.20759890325107716,0.18370544457500979,-0.17640443603131403
CEP72,intermediate,0.2500979240109675,0.2428515471993733,-0.04241840425636114
LAMA2,intermediate,0.8443008225616921,0.8678025851938895,0.03960976426117658
DDIT4,intermediate,2.8213866039952995,2.8501762632197414,0.014646775959236226
FAM83G,intermediate,0.21837054445750098,0.18703486094790442,-0.2234710707776849
STIM2,intermediate,0.5405405405405406,0.5041128084606346,-0.10065621325196589
PANK2,intermediate,0.7591069330199764,0.7565609087348217,-0.004846893176754181
COMP,intermediate,0.008225616921269096,0.007833920877399139,-0.07038931912187406
HSPA6,intermediate,1.418527222875049,1.4048178613396005,-0.014010744520617974
SF1,intermediate,2.1981981981981984,2.1956521739130435,-0.0016719445172374984
POLA1,intermediate,0.41284763023893456,0.3856247551899726,-0.09841175548896955
POLH,intermediate,0.27516647081864476,0.2779083431257344,0.014304458900534858
GAMT,intermediate,1.145710928319624,1.1296513905209558,-0.020365460099405302
AL450384.1,intermediate,0.17939678809244028,0.1707794751273012,-0.0710194629142327
PKN3,intermediate,0.23932628280454368,0.22267920094007052,-0.10401203047582837
OBSL1,intermediate,0.8533098315707012,0.8593811202506855,0.010228412476080756
CCDC28A,intermediate,0.426948687818253,0.39287113200156676,-0.12000652875900705
CCDC144NL-AS1,intermediate,0.23482177830003917,0.2136701919310615,-0.13618055648243224
MYLPF,intermediate,1.0342734038386212,1.0350567959263612,0.001092330197551334
SLC26A5,intermediate,0.09498629063846455,0.08715236976106541,-0.12417940985547547
SLC3A2,intermediate,1.8190364277320799,1.8305914610262437,0.009135421709817307
LAMA4,intermediate,1.3153153153153154,1.3065021543282413,-0.009699188962085215
MDH2,intermediate,2.2495103799451623,2.2777124951037995,0.01797462996661012
PABPN1,intermediate,1.900509204857031,1.308852330591461,-0.5380836759281993
DNAI1,intermediate,0.18801410105757932,0.17743830787309048,-0.08352335510493243
DCP2,intermediate,0.990795142969056,0.9733646690168429,-0.02560638733154722
GPCPD1,intermediate,0.6711711711711712,0.690755973364669,0.04149538384613239
AC106707.1,intermediate,0.2796709753231492,0.2873090481786134,0.038872891507151335
OAS3,intermediate,0.2336466901684293,0.22169996083039561,-0.07572008453061072
EIF2A,intermediate,0.9144144144144144,1.13728946337642,0.31467944515131296
MAPK11,intermediate,0.18664316490403446,0.17156286721504113,-0.12154534362933153
ANKH,intermediate,0.2826086956521739,0.25851938895417154,-0.1285333697696965
FSTL5,intermediate,0.24050137093615354,0.236388562475519,-0.024884884510789317
SNRPF,intermediate,4.72463768115942,4.688797493145319,-0.010985726334671219
ZBTB48,intermediate,0.3225616921269095,0.2878965922444183,-0.16402439946408828
RFWD3,intermediate,0.45162553858206034,0.45613004308656485,0.014318126527547664
RBM4,intermediate,0.573638856247552,0.5434782608695652,-0.07792042161496596
BANF1,intermediate,3.6249510379945162,3.647669408538974,0.009013473854540325
DEDD2,intermediate,0.47786917352134745,0.4651390520955738,-0.038953634261950414
AC148476.1,intermediate,0.23482177830003917,0.2097532314923619,-0.16287317792969633
PPP2R3B,intermediate,0.30297688993341165,0.263415589502546,-0.20186702328990414
LNCSRLR,intermediate,0.17430473952213082,0.17234625930278105,-0.01630181223504522
CDC37,intermediate,1.8950254602428516,1.8965922444183314,0.0011923100183827552
ATL2,intermediate,0.41872307089698396,0.4120642381511947,-0.02312714837251065
MTRNR2L10,intermediate,0.21210340775558167,0.19056012534273403,-0.1545215320582504
LNX2,intermediate,0.2218958088523306,0.2044653349001175,-0.11802614869636933
SULT1E1,intermediate,0.7565609087348217,0.7516647081864474,-0.009366966024129607
GTSE1,intermediate,0.6809635722679201,0.6337641989815903,-0.10363145913986774
TOP2A,intermediate,2.364864864864865,2.3435174304739523,-0.013082220949985087
BIRC5,intermediate,0.6165295730513122,0.6118292205248727,-0.011041087347529989
TPX2,intermediate,1.6956521739130435,1.6643164904034469,-0.026910456883048994
NUSAP1,intermediate,0.43615354484919705,0.43027810419114765,-0.01956668831934586
CENPF,intermediate,2.6147669408538974,2.499020759890325,-0.06531947578150035
PTTG1,intermediate,1.3746572659616139,1.3341167254210733,-0.04318706872839716
HJURP,intermediate,0.34292988640814726,0.37426556991774385,0.12614869419166716
UBE2C,intermediate,2.7559733646690168,2.7559733646690168,0.0
RACGAP1,intermediate,0.43791617704661184,0.44144144144144143,0.011567327302721926
NDC80,intermediate,0.41049745397571485,0.40658049353701525,-0.013832273145711142
CDCA3,intermediate,0.46141793967880923,0.4535840188014101,-0.02470428578722321
DLGAP5,intermediate,0.4894242068155112,0.49157853505679594,0.006336462738512171
CDKN3,intermediate,0.42851547199373285,0.472777124951038,0.14181293764727024
NUF2,intermediate,0.4108891500195848,0.44046220133176656,0.1002689829648071
FBXO5,intermediate,0.572855464159812,0.5904817861339601,0.04372137735414098
CCNA2,intermediate,0.46141793967880923,0.4473168820994908,-0.0447768883690544
KIF23,intermediate,0.4120642381511947,0.41421856639247945,0.007522958696800438
UBALD2,intermediate,0.618683901292597,0.6188797493145319,0.0004566213168540587
PRRT2,intermediate,0.35663924794359575,0.34919702311006656,-0.030424219265629354
ELN,intermediate,1.6680376028202115,1.662945554249902,-0.004410877264785026
KIF2C,intermediate,0.5330983157070114,0.5442616529573051,0.029898767641059268
CDC20,intermediate,0.6122209165687427,0.6300430865648257,0.041398157586415164
SGO1,intermediate,0.40403446925186054,0.4114766940853897,0.026332340721978965
CCDC18,intermediate,0.3164904034469252,0.2984723854289072,-0.08456429498329268
SPC25,intermediate,0.39874657265961616,0.38797493145319234,-0.039508681085757565
KIFC1,intermediate,1.3159028593811202,1.063454759106933,-0.3072943319768015
HMMR,intermediate,0.7922052487269878,0.8113983548766157,0.034536117618789955
TTK,intermediate,0.3975714845280063,0.41343517430473953,0.05644685113538002
PIMREG,intermediate,0.49138268703486093,0.4956913435174305,0.012595036675991376
CKS2,intermediate,1.7583235409322366,1.8125734430082256,0.0438388938178344
IER5,intermediate,0.864081472777125,0.8556600078339209,-0.014129685130732445
MIR503HG,intermediate,0.27262044653349,0.26694085389737565,-0.030373648930923848
JUND,intermediate,2.205444575009792,2.198589894242068,-0.004490982984237863
AURKB,intermediate,0.4518213866039953,0.46141793967880923,0.030321535081068624
MEST,intermediate,4.029181355268312,4.009204857030944,-0.007170607010703763
CKAP2,intermediate,0.8141402271837055,0.8117900509204857,-0.004170646236129498
PSRC1,intermediate,0.19643556600078338,0.18174696435566,-0.11212489489104428
TMEM185A,intermediate,0.4132393262828045,0.39776733254994123,-0.05505275916259759
CDCA2,intermediate,0.37309048178613397,0.38973756365060713,0.06297743288515877
CDK1,intermediate,0.6934978456717588,0.6576576576576577,-0.07655461334051572
FOXM1,intermediate,0.4780650215432824,0.07422640031335684,-2.687202525191428
PRC1,intermediate,0.372502937720329,0.38033685859772814,0.030025954478855973
ASPM,intermediate,1.1858597728162945,1.1586368977673325,-0.03350490745403912
HIST1H4C,intermediate,6.924010967489228,6.371327849588719,-0.12001393373544877
HIST2H2AC,intermediate,0.4132393262828045,0.37798668233450844,-0.12864215111350175
CCNB1,intermediate,1.5409322365844105,1.5047003525264395,-0.034327203937361495
NET1,intermediate,0.8926752839796318,0.9110849980415198,0.02945017217526464
LSM5,intermediate,2.0959655307481393,2.0879357618488052,-0.005537665053818982
PBX3,intermediate,0.27222875048962003,0.2651782216999608,-0.03785714389496876
FAM122B,intermediate,0.3537015276145711,0.3409714061887975,-0.05288168967747369
PAX6,intermediate,0.4500587544065805,0.4582843713278496,0.026129731767117678
FANCD2,intermediate,0.3795534665099882,0.3554641598119859,-0.09459902227437712
LIG1,intermediate,0.3615354484919702,0.3172737955346651,-0.1884087393170923
HIST1H1C,intermediate,0.5066588327457893,0.5417156286721504,0.096521102281481
REXO5,intermediate,0.2436349392871132,0.21171171171171171,-0.2026199615030645
UBE2S,intermediate,1.8147277712495105,1.8848413631022327,0.05468996011323251
CDKN2C,intermediate,0.6083039561300431,0.5969447708578144,-0.027194926848848874
HIST1H2AG,intermediate,0.18762240501370936,0.16686251468860164,-0.16917222455368539
TUBA1B,intermediate,13.389737563650607,12.999020759890325,-0.04272473790359004
FIGNL1,intermediate,0.48413631022326675,0.4670975323149236,-0.05168947690279855
CD9,intermediate,1.6030160595377987,1.5955738347042694,-0.006713508504679535
DDB2,intermediate,0.3734821778300039,0.36506071288679987,-0.032902983569365774
NCAPG2,intermediate,0.36799843321582454,0.3538973756365061,-0.05636856039924801
CKS1B,intermediate,1.537406972189581,1.5566000783392089,0.017899218571748074
RTKN2,intermediate,0.3039561300430866,0.30806893850372113,0.019390113165193384
SPC24,intermediate,0.33411672542107324,0.28065021543282415,-0.2515790362335366
HIST1H2BH,intermediate,0.1882099490795143,0.1717587152369761,-0.13195958759482201
NCAPH,intermediate,0.3425381903642773,0.33411672542107324,-0.035912642497203766
HMGB2,intermediate,2.7109283196239717,2.671758715236976,-0.020997242129700118
HIST1H1A,intermediate,0.16392479435957696,0.14845280062671368,-0.14302977346200182
CHEK2,intermediate,0.3676067371719546,0.3570309439874657,-0.042114088675488666
AZI2,intermediate,0.8580101840971406,0.8603603603603603,0.003946284765217865
TROAP,intermediate,0.4195064629847238,0.44672933803368586,0.09070796635231325
VAMP1,intermediate,0.21974148061104584,0.19153936545240893,-0.19816630468987154
COX7B,intermediate,4.124951037994516,4.203486094790443,0.027209305563873416
AL031777.3,intermediate,0.22933803368585978,0.2246376811594203,-0.029875684353762838
TRIM59,intermediate,0.3826870348609479,0.3846455150802977,0.007364462327112961
LRRC45,intermediate,0.24500587544065805,0.2408930669800235,-0.024423473838683752
PIDD1,intermediate,0.3644731688209949,0.35663924794359575,-0.031347132995365456
PITHD1,intermediate,0.7712495103799452,0.7755581668625147,0.008037319055026197
CCSAP,intermediate,0.49138268703486093,0.49862906384645517,0.021119948449517936
PTP4A1,intermediate,0.7900509204857031,0.8298080689385037,0.07083204466343887
SCMH1,intermediate,0.2953388170779475,0.2771249510379945,-0.09183437522836381
PFDN1,intermediate,0.7976889933411673,0.7649823736780259,-0.06039986503929722
SGO2,intermediate,0.38856247551899725,0.3883666274970623,-0.0007273481561549409
H2AFX,intermediate,1.0407363885624754,1.0599294947121034,0.02636361146092905
LIN9,intermediate,0.34038386212299254,0.33431257344300824,-0.025965023709689797
CDK5RAP3,intermediate,0.5652173913043478,0.5307481394437916,-0.09077844808419545
NCAPD2,intermediate,1.1778300039169605,1.2074030552291422,0.03577602668619744
ANP32E,intermediate,1.2352134743439092,1.2473560517038778,0.01411293874402142
SGCE,intermediate,0.8705444575009792,0.8358793576184881,-0.058623242823979405
NEK2,intermediate,0.39678809244026636,0.37309048178613397,-0.08884317618950993
ZNF230,intermediate,0.22385428907168037,0.20603211907559735,-0.11969069836468874
RNF219,intermediate,0.4831570701135919,0.4929494712103408,0.02894750080153997
CDCA5,intermediate,0.47042694868781826,0.47238542890716806,0.005993756181736215
LMO4,intermediate,0.7211124167645907,0.736976106541324,0.03139366267491011
YPEL1,intermediate,0.34939287113200157,0.33313748531139836,-0.06873247405543863
DNAJB1,proliferative,4.410955655679393,4.287408110030827,-0.040985505735305516
HNRNPA1,proliferative,17.806497510078255,17.476879298079204,-0.02695617242552798
VIM,proliferative,42.94379890917714,42.63149158169315,-0.010530288132282456
HBA2,proliferative,0.4697652359497273,0.49419018259426134,0.07312639723723523
EIF1,proliferative,16.09224567227887,16.303059046715674,0.01877702375738333
EEF1B2,proliferative,25.31823571259189,25.678207256343374,0.02036760826479902
CHCHD7,proliferative,0.634574341949253,0.6333886649276737,-0.002698140002095142
EMP3,proliferative,3.2409295707849184,3.1809343134930046,-0.026957089090665878
H1F0,proliferative,0.9096514109556557,0.9724922930993597,0.09637302320660136
LDHB,proliferative,10.901351671804601,10.76428740811003,-0.018254210815637797
RPSA,proliferative,56.90467156746502,55.66753616314916,-0.03171086374683154
PDZD2,proliferative,0.18804837562248045,0.1761916054066872,-0.09395865464910137
OTUD1,proliferative,0.30590467156746504,0.3066160777804126,0.003351209488695475
GAPDH,proliferative,71.88309224567227,72.59426132321556,0.01420303407682503
MIF,proliferative,4.013990988854636,3.9677495850130424,-0.0167164015797403
GNAS,proliferative,18.567939293336494,18.616552051221248,0.0037721868521218937
BNIP3,proliferative,3.9174768792980794,3.8278396964666825,-0.03339434658880785
WSCD1,proliferative,0.2563433720654494,0.24828076831871,-0.04610508062108059
LGALS1,proliferative,16.70476642162675,16.712354754564856,0.0006552120649899849
FKBP4,proliferative,2.449371591178563,2.4133270097225514,-0.021388243686756524
HSPH1,proliferative,2.6509366848470477,2.6808157457908464,0.016169852163988866
CNBP,proliferative,5.740573867678444,5.712354754564856,-0.007109388047137648
FLCN,proliferative,0.47545648565330806,0.5032013279582642,0.08182241940517877
FOXO1,proliferative,0.40265591652833765,0.4218638842779227,0.06723005155098573
SMPDL3A,proliferative,0.4031301873369694,0.38344794877875266,-0.07221506736770757
CCT8,proliferative,4.441071852027508,4.481384870761205,0.0130367206608258
ID2,proliferative,0.6201090822859853,0.6502252786341001,0.06841762453716588
ZNF100,proliferative,0.2947593075646194,0.2859852976049324,-0.04359638900223759
MBD6,proliferative,0.46288830922456725,0.4470002371354043,-0.05038852929607957
HSPA1A,proliferative,0.29167654730851317,0.29286222433009246,0.0058527262254123484
APOE,proliferative,6.248992174531658,6.348114773535689,0.0227046787981804
RPL22L1,proliferative,2.0825231207019206,2.0621294759307567,-0.014197594092380895
ANXA2R,proliferative,0.2546834242352383,0.2328669670381788,-0.12919906314001833
C1orf21,proliferative,0.31349300450557266,0.2995020156509367,-0.06586753750516056
PARK7,proliferative,4.792506521223618,4.848944747450794,0.016890419676393053
PDCD5,proliferative,1.7600189708323453,1.7507706900640265,-0.007600842513879868
GLUL,proliferative,1.8728954232866968,1.8453877163860564,-0.021346387476010826
ING4,proliferative,0.638131373013991,0.6488024662082049,0.02392583920829606
KLF2,proliferative,0.3711169077543277,0.3948304481859142,0.08935951990516407
NDUFS6,proliferative,3.377519563670856,3.402655916528338,0.010697144300065306
TNNT1,proliferative,1.9978657813611571,1.952810054541143,-0.03290803632620493
MYB,proliferative,0.1750059283851079,0.1742945221721603,-0.0058765663030216
WIPF2,proliferative,0.48114773535688876,0.4970358074460517,0.046869851684944216
OTUD3,proliferative,0.44225752904908705,0.4299264880246621,-0.04079670530487895
DUSP1,proliferative,0.7382025136352858,0.746502252786341,0.016129964016578024
NPM1,proliferative,30.289542328669672,29.894000474270808,-0.018963805110166432
MYO19,proliferative,0.44130898743182356,0.4505572682001423,0.029921363092055557
DDRGK1,proliferative,0.7612046478539246,0.7661844913445578,0.00940745324337975
AC244197.2,proliferative,0.2568176428740811,0.23500118567702158,-0.12807627990032763
PTEN,proliferative,0.53497747213659,0.5572682001422813,0.05889368894569915
PLEKHF2,proliferative,0.403841593549917,0.4078728954232867,0.01433012987560892
IP6K2,proliferative,0.6383685084183068,0.5451742945221721,-0.22767194350580872
CLN5,proliferative,0.5058098174057387,0.5041498695755277,-0.00474236880007559
DNAH6,proliferative,0.1889969172397439,0.20607066635048613,0.12477645219146918
CEP72,proliferative,0.22693858193028218,0.2449608726582879,0.11024942391132088
LAMA2,proliferative,0.8190656865069955,0.8292625088925777,0.01784971314713359
DDIT4,proliferative,2.8819065686506997,2.8370879772350013,-0.022612675280332593
FAM83G,proliferative,0.19041972966563908,0.19919373962532605,0.06498933981508592
STIM2,proliferative,0.5200379416646905,0.5098411192791084,-0.028569152141286764
PANK2,proliferative,0.7372539720180223,0.7979606355228835,0.11415588800774348
COMP,proliferative,0.010671093194213896,0.009485416172634575,-0.16992498454274463
HSPA6,proliferative,1.414275551339815,1.3661370642636945,-0.049960999768267615
SF1,proliferative,2.2473322267014466,2.211761916054067,-0.023017320395484802
POLA1,proliferative,0.37941664690538296,0.3711169077543277,-0.03190924786970617
POLH,proliferative,0.28124258951861514,0.2864595684135641,0.026516444685653163
GAMT,proliferative,1.1233104102442495,1.169551814085843,0.05819912777066667
AL450384.1,proliferative,0.14678681527152004,0.16480910599952572,0.1670735673218331
PKN3,proliferative,0.2195873843964904,0.22456722788712355,0.032352232062456424
OBSL1,proliferative,0.8522646431112165,0.8539245909414276,0.0028071906770479695
CCDC28A,proliferative,0.4083471662319184,0.4047901351671805,-0.012622084338060025
CCDC144NL-AS1,proliferative,0.21792743656627936,0.2361868626986009,0.1160808802672537
MYLPF,proliferative,1.0697178088688641,1.0275077069006402,-0.058081049392081
SLC26A5,proliferative,0.0924828076831871,0.1024424946644534,0.14755718689722985
SLC3A2,proliferative,1.804126156035096,1.7908465733934076,-0.010658481492792488
LAMA4,proliferative,1.307801754801992,1.2900165994783022,-0.019754234325834397
MDH2,proliferative,2.2105762390324877,2.238083945933128,0.017841658589877202
PABPN1,proliferative,1.6421626748873608,1.2952335783732511,-0.342384756823311
DNAI1,proliferative,0.18994545885700734,0.19279108370879772,0.021453109554209884
DCP2,proliferative,0.975575053355466,0.9691723974389377,-0.009499550494505755
GPCPD1,proliferative,0.6450082997391511,0.6715674650225278,0.05821461385683836
AC106707.1,proliferative,0.2760256106236661,0.2888309224567228,0.06542307476632432
OAS3,proliferative,0.2167417595447,0.21057623903248754,-0.04163448851307247
EIF2A,proliferative,1.3310410244249467,1.1716860327246859,-0.1839690033670155
MAPK11,proliferative,0.19184254209153426,0.18686269860090113,-0.03794407277318959
ANKH,proliferative,0.27246857955892817,0.2767370168366137,0.02242576297956549
FSTL5,proliferative,0.2295470713777567,0.22978420678207256,0.0014896181340005217
SNRPF,proliferative,4.77235001185677,4.683424235238321,-0.027136129931774083
ZBTB48,proliferative,0.2980792032250415,0.29499644296893524,-0.01499816423932684
RFWD3,proliferative,0.4638368508418307,0.44605169551814083,-0.05640652130502156
RBM4,proliferative,0.5503912734171211,0.5354517429452217,-0.0397010364983475
BANF1,proliferative,3.6810528811951624,3.654493715911786,-0.0104469225183052
DEDD2,proliferative,0.47853924590941427,0.46265117382025134,-0.04871239639379904
AC148476.1,proliferative,0.2243300924828077,0.23926962295470713,0.093014085365415
PPP2R3B,proliferative,0.2840882143704055,0.2760256106236661,-0.0415368497321656
LNCSRLR,proliferative,0.16623191842542093,0.1709746265117382,0.040584814989455396
CDC37,proliferative,1.9105999525729191,1.9127341712117618,0.0016106502151991178
ATL2,proliferative,0.4100071140621295,0.3877163860564382,-0.08064723305453811
MTRNR2L10,proliferative,0.20322504149869575,0.211524780649751,0.057748505529256526
LNX2,proliferative,0.20441071852027506,0.20867915579796065,0.029815654291197057
SULT1E1,proliferative,0.7782783969646668,0.7583590230021342,-0.03740529998469066
GTSE1,proliferative,0.6279345506284089,0.6310173108845151,0.0070653882037780835
TOP2A,proliferative,2.3905620109082286,2.4258951861512923,0.02116738882755799
BIRC5,proliferative,0.6229547071377757,0.6352857481622006,0.028278380663795104
TPX2,proliferative,1.6888783495375859,1.7121176191605407,0.019716401399875627
NUSAP1,proliferative,0.4863647142518378,0.42968935262034624,-0.17874453604236878
CENPF,proliferative,2.468816694332464,2.576950438700498,0.061845068079872965
PTTG1,proliferative,1.393644771164335,1.3658999288593787,-0.029011086638041028
HJURP,proliferative,0.3658999288593787,0.3746739388190657,0.03418649640139724
UBE2C,proliferative,2.7336969409532843,2.8766895897557507,0.07355624101679366
RACGAP1,proliferative,0.4436803414749822,0.4517429452217216,0.025981439081865575
NDC80,proliferative,0.41356414512686746,0.4119041972966564,-0.005802286052475438
CDCA3,proliferative,0.44534028930519326,0.45008299739151053,0.015282929333198563
DLGAP5,proliferative,0.5169551814085843,0.5257291913682712,0.024280635156442642
CDKN3,proliferative,0.42731799857718755,0.48328195399573154,0.17755503996131639
NUF2,proliferative,0.39815034384633624,0.4391747687929808,0.1414818679847266
FBXO5,proliferative,0.5923642399810292,0.584064500829974,-0.02035684907438718
CCNA2,proliferative,0.44273179985771877,0.4711880483756225,0.0898699448266718
KIF23,proliferative,0.39554185439886175,0.41308987431823574,0.0626253349992604
UBALD2,proliferative,0.610149395304719,0.6300687692672516,0.04634677068195413
PRRT2,proliferative,0.3549917002608489,0.3398150343846336,-0.0630356116147654
ELN,proliferative,1.6718046004268436,1.7299027744842306,0.04928472060275298
KIF2C,proliferative,0.5264405975812189,0.5551339815034385,0.0765652577328971
CDC20,proliferative,0.608252312070192,0.6175005928385108,0.02177062263569587
SGO1,proliferative,0.3926962295470714,0.4083471662319184,0.05638246975671032
CCDC18,proliferative,0.31752430637894236,0.3220298790609438,0.02032751885685158
SPC25,proliferative,0.4111927910837088,0.41878112402181644,0.026381444363055614
KIFC1,proliferative,0.9874318235712591,1.157457908465734,0.2292066828796434
HMMR,proliferative,0.8138487076120465,0.7853924590941428,-0.05134687993599272
TTK,proliferative,0.3917476879298079,0.38558216741759543,-0.022886429285530346
PIMREG,proliferative,0.4949015888072089,0.48873606829499644,-0.018086095583803884
CKS2,proliferative,1.786815271520038,1.739625326061181,-0.038613872868229794
IER5,proliferative,0.8641214133270098,0.8330566753616315,-0.05281938251742174
MIR503HG,proliferative,0.2641688404078729,0.2698600901114536,0.030751324851373878
JUND,proliferative,2.113587858667299,2.1690775432772114,0.03738754515687199
AURKB,proliferative,0.47355940241878114,0.4631254446288831,-0.03214238348854506
MEST,proliferative,4.003557031064738,4.036993123073275,0.011998771538520747
CKAP2,proliferative,0.7853924590941428,0.8105288119516244,0.04544972411984745
PSRC1,proliferative,0.19729665639079916,0.17642874081100307,-0.1612809061681637
TMEM185A,proliferative,0.407398624614655,0.38083945933127816,-0.09725814337418864
CDCA2,proliferative,0.3967275314204411,0.3922219587384396,-0.016478210825304766
CDK1,proliferative,0.6793929333649514,0.7052406924353806,0.053869508330322564
FOXM1,proliferative,0.46407398624614654,0.06331515295233578,-2.873732089262075
PRC1,proliferative,0.38487076120464786,0.36874555371116907,-0.06174841936608426
ASPM,proliferative,1.2041735831159592,1.1920796774958502,-0.014562705939983924
HIST1H4C,proliferative,7.037467393881907,6.656153663741996,-0.0803675930033212
HIST2H2AC,proliferative,0.39340763576001897,0.38747925065212235,-0.021905902754072414
CCNB1,proliferative,1.517429452217216,1.557979606355229,0.038046904123218823
NET1,proliferative,0.854873132558691,0.9034858904434432,0.07979173816169612
LSM5,proliferative,2.124496087265829,2.1271045767133034,0.0017702769182366416
PBX3,proliferative,0.2795826416884041,0.2712829025373488,-0.043476666043500804
FAM122B,proliferative,0.34764050272705715,0.34503201327958266,-0.010865950306791312
PAX6,proliferative,0.4662082048849893,0.4429689352620346,-0.07376886646857175
FANCD2,proliferative,0.3594972729428504,0.35926013753853453,-0.0009519598081295075
LIG1,proliferative,0.35309461702632206,0.35760018970832347,0.01829267463508479
HIST1H1C,proliferative,0.5252549205596395,0.5707849181882855,0.11992944281302256
REXO5,proliferative,0.23096988380365188,0.2295470713777567,-0.008914724769031244
UBE2S,proliferative,1.839222195873844,1.8615129238795352,0.017379850550166494
CDKN2C,proliferative,0.5973440834716623,0.5914156983637657,-0.014389656880361168
HIST1H2AG,proliferative,0.17263457434194926,0.17144889732036994,-0.009942803189785066
TUBA1B,proliferative,13.316575764761678,13.109319421389614,-0.022630365228953776
FIGNL1,proliferative,0.48399336020867917,0.48470476642162674,0.0021190139005271263
CD9,proliferative,1.6288830922456723,1.6080151766658761,-0.01860203991835662
DDB2,proliferative,0.3827365425658051,0.3853450320132796,0.009799139499882746
NCAPG2,proliferative,0.3353094617026322,0.3433720654493716,0.034279482172779235
CKS1B,proliferative,1.6025610623666113,1.6058809580270335,0.0029856227299790723
RTKN2,proliferative,0.3201327958264169,0.295470713777567,-0.1156553385380426
SPC24,proliferative,0.31183305667536165,0.31847284799620584,0.030396505151320478
HIST1H2BH,proliferative,0.1956367085605881,0.17216030353331752,-0.18442457013183328
NCAPH,proliferative,0.35688878349537584,0.3500118567702158,-0.028070765507243918
HMGB2,proliferative,2.6770215793217926,2.769267251600664,0.048875520985493116
HIST1H1A,proliferative,0.15935499170026085,0.15745790846573393,-0.01727799132275926
CHEK2,proliferative,0.35665164809106,0.36827128290253736,0.04625326258203333
AZI2,proliferative,0.8349537585961584,0.8551102679630069,0.034414169528481475
TROAP,proliferative,0.4204410718520275,0.47711643348351906,0.18243776849923346
VAMP1,proliferative,0.20251363528574817,0.18923405264405976,-0.09784732289821903
COX7B,proliferative,4.147735356888783,4.144652596632677,-0.0010726664411929827
AL031777.3,proliferative,0.2421152478064975,0.22243300924828077,-0.1223230378351615
TRIM59,proliferative,0.38344794877875266,0.39411904197296654,0.039600703194812154
LRRC45,proliferative,0.23120701920796774,0.2409295707849182,0.059426277883388376
PIDD1,proliferative,0.36898268911548493,0.3445577424709509,-0.09880735707618468
PITHD1,proliferative,0.7898980317761441,0.7894237609675124,-0.0008664835329906176
CCSAP,proliferative,0.47853924590941427,0.48067346454825705,0.006419914347155693
PTP4A1,proliferative,0.8140858430163623,0.7787526677732985,-0.06401573009904596
SCMH1,proliferative,0.2719943087502964,0.2743656627934551,0.012523473045821179
PFDN1,proliferative,0.8000948541617263,0.8074460516955181,0.013194824595451411
SGO2,proliferative,0.39601612520749346,0.37538534503201326,-0.07718684702401685
H2AFX,proliferative,1.0303533317524307,1.1036281716860328,0.09911503361062088
LIN9,proliferative,0.3372065449371591,0.33222670144652594,-0.021464509124467568
CDK5RAP3,proliferative,0.5257291913682712,0.536637419966801,0.02962781434380444
NCAPD2,proliferative,1.2048849893289069,1.2172160303533317,0.014689796400726748
ANP32E,proliferative,1.2288356651648091,1.2769741522409295,0.05543732920721742
SGCE,proliferative,0.8230969883803652,0.8150343846336258,-0.01420151343900996
NEK2,proliferative,0.39696466682475695,0.3720654493715912,-0.09345417533903193
ZNF230,proliferative,0.2155560825231207,0.21508181171448898,-0.003177743650826286
RNF219,proliferative,0.48470476642162674,0.4486601849656154,-0.11148310735910394
CDCA5,proliferative,0.4858904434432061,0.4730851316101494,-0.03853123782116979
LMO4,proliferative,0.7336969409532843,0.7472136589992886,0.026336557532933808
YPEL1,proliferative,0.3545174294522172,0.35285748162200614,-0.006770957958292112
