gene,time,mean_wt,mean_ko,log2fc
DNAJB1,0.0,5.259450171821306,5.345360824742268,0.023375350002981528
HNRNPA1,0.0,14.324312714776632,14.161512027491408,-0.01649060917537838
VIM,0.0,39.945017182130584,39.679982817869416,-0.00960414882436211
HBA2,0.0,1.1426116838487972,1.1443298969072164,0.0021678366808141995
EIF1,0.0,24.21606529209622,24.49742268041237,0.01666550433891809
EEF1B2,0.0,20.298969072164947,20.77319587628866,0.03331672751215358
CHCHD7,0.0,0.15420962199312716,0.17826460481099657,0.20912749114881815
EMP3,0.0,2.350515463917526,2.429123711340206,0.04745879397142239
H1F0,0.0,2.0725945017182132,2.0880584192439864,0.010724191740621258
LDHB,0.0,8.404209621993127,8.335481099656358,-0.011846677113930677
RPSA,0.0,42.9643470790378,41.86469072164948,-0.0374060036385917
PDZD2,0.0,0.015034364261168385,0.01718213058419244,0.19264506594741798
OTUD1,0.0,0.2654639175257732,0.2620274914089347,-0.01879759538285215
GAPDH,0.0,31.13487972508591,31.04209621993127,-0.004305722498820393
MIF,0.0,7.03479381443299,6.906786941580756,-0.026493419028245094
GNAS,0.0,17.483247422680414,17.766323024054984,0.023171944542869114
BNIP3,0.0,2.32946735395189,2.290378006872852,-0.02441438991566592
WSCD1,0.0,0.01804123711340206,0.015463917525773196,-0.22239240800869434
LGALS1,0.0,54.348367697594504,54.8393470790378,0.012974688488073222
FKBP4,0.0,15.728951890034365,15.518900343642612,-0.01939620596135802
HSPH1,0.0,2.2916666666666665,2.2981099656357387,0.004050620462319211
CNBP,0.0,14.695446735395189,14.472938144329897,-0.022011384535750904
FLCN,0.0,0.7066151202749141,0.6847079037800687,-0.04543595456680801
FOXO1,0.0,0.15206185567010308,0.15120274914089346,-0.008173931391793577
SMPDL3A,0.0,0.16108247422680413,0.17525773195876287,0.12167855586384968
CCT8,0.0,3.303694158075601,3.301975945017182,-0.0007505241633445
ID2,0.0,1.6645189003436427,1.6890034364261168,0.021067011279053662
ZNF100,0.0,0.06872852233676977,0.04381443298969072,-0.6495027409796874
MBD6,0.0,0.4579037800687285,0.4879725085910653,0.09175539655136412
HSPA1A,0.0,0.5412371134020618,0.42998281786941583,-0.33198175886159687
APOE,0.0,22.176975945017183,21.798539518900345,-0.02483117378348163
RPL22L1,0.0,11.179982817869416,11.584192439862543,0.05123950322958022
ANXA2R,0.0,0.027061855670103094,0.01288659793814433,-1.070389269249283
C1orf21,0.0,0.018900343642611683,0.018470790378006873,-0.03316686216004387
PARK7,0.0,13.032646048109966,13.254725085910653,0.024376720472532223
PDCD5,0.0,0.7414089347079038,0.813573883161512,0.1340038661168279
GLUL,0.0,2.767611683848797,2.5150343642611683,-0.13806342398050325
ING4,0.0,0.7534364261168385,0.7298109965635738,-0.045962895198526005
KLF2,0.0,0.37757731958762886,0.3247422680412371,-0.21747693030067272
NDUFS6,0.0,7.12585910652921,6.239690721649485,-0.19158943674697126
TNNT1,0.0,1.6056701030927836,1.5910652920962198,-0.013182470476674228
MYB,0.0,0.009879725085910653,0.009879725085910653,0.0
WIPF2,0.0,0.5695876288659794,0.6615120274914089,0.21584957511770472
OTUD3,0.0,0.12242268041237113,0.1404639175257732,0.19832871493236784
DUSP1,0.0,1.2332474226804124,1.3496563573883162,0.13012984998611543
NPM1,0.0,28.390463917525775,27.82689003436426,-0.02892674337124412
MYO19,0.0,0.0979381443298969,0.12886597938144329,0.39592867279577687
DDRGK1,0.0,0.10652920962199312,0.17869415807560138,0.7462434022850426
AC244197.2,0.0,0.019329896907216496,0.01632302405498282,-0.2439255691374594
PTEN,0.0,0.019759450171821305,0.027491408934707903,0.4764380234081059
PLEKHF2,0.0,0.029209621993127148,0.02147766323024055,-0.4436066336948234
IP6K2,0.0,1.6426116838487972,1.5708762886597938,-0.06442189659927233
CLN5,0.0,0.47508591065292094,0.42783505154639173,-0.15113373783124717
DNAH6,0.0,0.006443298969072165,0.014175257731958763,1.1375034016192556
CEP72,0.0,0.01675257731958763,0.014604810996563574,-0.1979393649475278
LAMA2,0.0,1.1701030927835052,1.1980240549828178,0.03402123098750542
DDIT4,0.0,2.763316151202749,2.695446735395189,-0.03587622960799592
FAM83G,0.0,0.24871134020618557,0.23109965635738833,-0.10595717499055307
STIM2,0.0,0.10438144329896908,0.11898625429553264,0.18892966074692086
PANK2,0.0,0.20446735395189003,0.18470790378006874,-0.14662491296366917
COMP,0.0,0.009879725085910653,0.013745704467353952,0.4764380028732265
HSPA6,0.0,6.108247422680412,6.440721649484536,0.07646384228889039
SF1,0.0,3.823453608247423,4.055841924398625,0.08512505538094998
POLA1,0.0,0.070446735395189,0.10481099656357389,0.5731853262303003
POLH,0.0,0.06013745704467354,0.0665807560137457,0.14684138600766244
GAMT,0.0,1.8213058419243986,1.9286941580756014,0.08265118013384314
AL450384.1,0.0,0.1056701030927835,0.11683848797250859,0.14494833460605036
PKN3,0.0,0.007731958762886598,0.019759450171821305,1.3536368410390662
OBSL1,0.0,0.9957044673539519,1.0661512027491409,0.0986225490281467
CCDC28A,0.0,0.37757731958762886,0.4381443298969072,0.21463408118726712
CCDC144NL-AS1,0.0,0.02104810996563574,0.01288659793814433,-0.7078192050962934
MYLPF,0.0,1.431701030927835,1.3496563573883162,-0.08513813675479562
SLC26A5,0.0,0.39776632302405496,0.39390034364261167,-0.014090459629584395
SLC3A2,0.0,2.3805841924398625,2.3011168384879723,-0.04898141474084898
LAMA4,0.0,6.868986254295533,6.751718213058419,-0.024842503892005735
MDH2,0.0,1.8496563573883162,1.763316151202749,-0.06896609746387514
PABPN1,0.0,1.9742268041237114,2.10266323024055,0.09093006180030687
DNAI1,0.0,0.012027491408934709,0.01331615120274914,0.14684137672122796
DCP2,0.0,1.3122852233676976,1.3062714776632303,-0.006626563670232809
GPCPD1,0.0,0.18256013745704466,0.15506872852233677,-0.23546400273688267
AC106707.1,0.0,0.06829896907216494,0.06829896907216494,0.0
OAS3,0.0,0.023195876288659795,0.00859106529209622,-1.4329593015425979
EIF2A,0.0,2.1731099656357387,2.1662371134020617,-0.004570013847840827
MAPK11,0.0,0.010738831615120275,0.013745704467353952,0.35614378083757986
ANKH,0.0,0.07173539518900343,0.07259450171821306,0.017175143570128153
FSTL5,0.0,0.01245704467353952,0.01632302405498282,0.3899464908864812
SNRPF,0.0,9.837628865979381,9.890463917525773,0.007727563928562584
ZBTB48,0.0,0.011168384879725086,0.015463917525773196,0.469485247418808
RFWD3,0.0,0.012027491408934709,0.01804123711340206,0.5849624607378962
RBM4,0.0,0.23238831615120276,0.19458762886597938,-0.2561175425745874
BANF1,0.0,2.6881443298969074,2.5373711340206184,-0.08327604658632162
DEDD2,0.0,0.9368556701030928,0.9450171821305842,0.012513753757971811
AC148476.1,0.0,0.020618556701030927,0.010738831615120275,-0.9411062465733834
PPP2R3B,0.0,0.0665807560137457,0.070446735395189,0.08142759815472957
LNCSRLR,0.0,0.01245704467353952,0.012027491408934709,-0.050626068933768725
CDC37,0.0,0.5347938144329897,0.6675257731958762,0.3198407609158582
ATL2,0.0,0.36168384879725085,0.45017182130584193,0.31574657768699066
MTRNR2L10,0.0,0.02190721649484536,0.03264604810996564,0.5755021498093327
LNX2,0.0,0.01675257731958763,0.014604810996563574,-0.1979393649475278
SULT1E1,0.0,0.7757731958762887,0.8127147766323024,0.06711419577400585
HSPA1B,0.0,37.4995704467354,0.34063573883161513,-6.782500447692317
GTSE1,0.0,0.6168384879725086,0.6859965635738832,0.15330856335239193
TOP2A,0.0,3.652491408934708,3.7847938144329896,0.05133382847005545
BIRC5,0.0,0.7916666666666666,0.7186426116838488,-0.13961862540718428
TPX2,0.0,4.190721649484536,4.3535223367697595,0.054984425545203754
NUSAP1,0.0,0.7018900343642611,0.6971649484536082,-0.00974498358378101
CENPF,0.0,9.919243986254296,9.869415807560138,-0.007265476183999239
PTTG1,0.0,3.691151202749141,3.790807560137457,0.038434383386846016
HJURP,0.0,0.234106529209622,0.26847079037800686,0.19759995909635347
UBE2C,0.0,5.830756013745704,5.8603951890034365,0.0073149995275275555
RACGAP1,0.0,0.10824742268041238,0.08032646048109966,-0.4303854589796379
NDC80,0.0,0.30584192439862545,0.30584192439862545,0.0
CDCA3,0.0,0.40335051546391754,0.3698453608247423,-0.12511191993290185
DLGAP5,0.0,0.21176975945017182,0.23754295532646047,0.16569183311763835
CDKN3,0.0,0.4420103092783505,0.46563573883161513,0.07512177429429738
NUF2,0.0,0.46219931271477666,0.4587628865979381,-0.010766430845689344
FBXO5,0.0,0.6357388316151202,0.6383161512027491,0.005836940013121424
CCNA2,0.0,0.4269759450171821,0.4639175257731959,0.119713555219487
KIF23,0.0,0.3634020618556701,0.3548109965635739,-0.03451588160437909
UBALD2,0.0,0.1129725085910653,0.12027491408934708,0.09036402687732321
PRRT2,0.0,0.08848797250859107,0.07345360824742268,-0.2686480089602743
ELN,0.0,1.5528350515463918,1.490979381443299,-0.0586442819712901
KIF2C,0.0,0.1645189003436426,0.21176975945017182,0.36424325249634343
CDC20,0.0,0.2800687285223368,0.2706185567010309,-0.049520135663915
SGO1,0.0,0.11211340206185567,0.14347079037800686,0.355798293091662
CCDC18,0.0,0.05412371134020619,0.06400343642611683,0.24188859284763645
SPC25,0.0,0.3599656357388316,0.34106529209621994,-0.0778112363342952
KIFC1,0.0,0.1095360824742268,0.12972508591065293,0.2440513004164364
HMMR,0.0,0.7920962199312714,0.8462199312714777,0.09535697379790732
TTK,0.0,0.3015463917525773,0.29553264604810997,-0.02906246550510731
PIMREG,0.0,0.22164948453608246,0.19072164948453607,-0.21681138801765026
CKS2,0.0,2.774914089347079,2.6168384879725086,-0.08461822306258901
IER5,0.0,1.699742268041237,1.7242268041237114,0.020633551377863338
MIR503HG,0.0,0.08634020618556701,0.08161512027491409,-0.08119608188059316
JUND,0.0,3.091494845360825,2.8530927835051547,-0.11577793547288807
AURKB,0.0,0.529639175257732,0.5128865979381443,-0.04636996304906188
MEST,0.0,10.097508591065292,9.863831615120274,-0.03377929659525883
CKAP2,0.0,0.24656357388316152,0.2762027491408935,0.16376800002436956
PSRC1,0.0,0.2804982817869416,0.25773195876288657,-0.1221204905962226
TMEM185A,0.0,0.3960481099656357,0.39819587628865977,0.007802588176544928
CDCA2,0.0,0.08333333333333333,0.1013745704467354,0.28273020409370403
CDK1,0.0,0.8762886597938144,0.872852233676976,-0.0056687500802102995
FOXM1,0.0,0.4016323024054983,0.4256872852233677,0.08391869220850583
PRC1,0.0,0.2925257731958763,0.3316151202749141,0.18094604867466327
ASPM,0.0,1.4742268041237114,1.513745704467354,0.038164371395319606
HIST1H4C,0.0,13.69286941580756,13.351374570446735,-0.03643652289337398
HIST2H2AC,0.0,0.6146907216494846,0.6628006872852233,0.10871438967370606
CCNB1,0.0,1.609106529209622,1.577319587628866,-0.028784840811169242
NET1,0.0,1.3853092783505154,1.3445017182130585,-0.04313650334638922
LSM5,0.0,3.3268900343642613,3.238831615120275,-0.038700715509114136
PBX3,0.0,0.07087628865979381,0.06829896907216494,-0.05343925819334293
FAM122B,0.0,0.05369415807560137,0.07087628865979381,0.400537923070092
PAX6,0.0,0.43041237113402064,0.4574742268041237,0.08797092171971128
FANCD2,0.0,0.07560137457044673,0.07903780068728522,0.06413033659002358
LIG1,0.0,0.10309278350515463,0.11683848797250859,0.18057224399545135
HIST1H1C,0.0,1.2027491408934707,1.2323883161512028,0.03512114090748758
REXO5,0.0,0.12414089347079038,0.12070446735395189,-0.04049936194889337
UBE2S,0.0,2.8518041237113403,2.7517182130584192,-0.05154215372908402
CDKN2C,0.0,0.868127147766323,0.8556701030927835,-0.02085167428746098
HIST1H2AG,0.0,0.07903780068728522,0.07731958762886598,-0.031708859321710754
TUBA1B,0.0,16.96692439862543,16.872852233676976,-0.008021199249238777
FIGNL1,0.0,0.36597938144329895,0.43943298969072164,0.2638808088605618
CD9,0.0,0.4789518900343643,0.5532646048109966,0.20808888290236197
DDB2,0.0,0.012027491408934709,0.01675257731958763,0.47804726297265526
NCAPG2,0.0,0.06357388316151202,0.07130584192439862,0.1655860632572663
CKS1B,0.0,0.7487113402061856,0.7826460481099656,0.06395038959281724
RTKN2,0.0,0.08719931271477663,0.08247422680412371,-0.08037341551614098
SPC24,0.0,0.21219931271477663,0.20618556701030927,-0.04147663577786165
HIST1H2BH,0.0,0.5618556701030928,0.6357388316151202,0.17823463471981738
NCAPH,0.0,0.08419243986254296,0.07646048109965636,-0.13897641141598854
HMGB2,0.0,2.154639175257732,2.0240549828178693,-0.0901978089283797
HIST1H1A,0.0,0.2925257731958763,0.32646048109965636,0.15834461980622322
CHEK2,0.0,0.08462199312714777,0.07946735395189003,-0.09067035783420266
AZI2,0.0,1.1378865979381443,1.1331615120274914,-0.00600327911279069
TROAP,0.0,0.5644329896907216,0.5528350515463918,-0.02995322204800512
VAMP1,0.0,0.0468213058419244,0.02534364261168385,-0.8855412493025523
COX7B,0.0,6.754725085910653,6.40979381443299,-0.07561910370445765
AL031777.3,0.0,0.15335051546391754,0.18127147766323023,0.24131892322901263
TRIM59,0.0,0.40764604810996563,0.42396907216494845,0.056641997299031674
LRRC45,0.0,0.01718213058419244,0.00902061855670103,-0.9296105961404099
PIDD1,0.0,0.28737113402061853,0.28951890034364264,0.010742380503155046
PITHD1,0.0,0.9089347079037801,1.0055841924398625,0.1457853068454333
CCSAP,0.0,0.14561855670103094,0.11211340206185567,-0.37723546360564014
PTP4A1,0.0,1.2439862542955327,1.2710481099656357,0.03104809408602394
SCMH1,0.0,0.08891752577319588,0.05326460481099656,-0.7392906362521063
PFDN1,0.0,0.17053264604810997,0.19415807560137457,0.18718376424281297
SGO2,0.0,0.5584192439862543,0.570446735395189,0.030743523376635662
H2AFX,0.0,1.3015463917525774,1.3178694158075601,0.017980689128890868
LIN9,0.0,0.07646048109965636,0.07474226804123711,-0.03278993468391085
CDK5RAP3,0.0,0.5674398625429553,0.6112542955326461,0.10730519509741217
NCAPD2,0.0,0.49398625429553267,0.4325601374570447,-0.19157017741022217
ANP32E,0.0,1.993127147766323,1.9987113402061856,0.004036381740290058
SGCE,0.0,1.261168384879725,1.2684707903780068,0.008329388284156095
NEK2,0.0,0.34536082474226804,0.3333333333333333,-0.05113884884107166
ZNF230,0.0,0.014604810996563574,0.01804123711340206,0.304854562712769
RNF219,0.0,0.1323024054982818,0.10051546391752578,-0.3964218176630569
CDCA5,0.0,0.4630584192439863,0.4218213058419244,-0.13456224813323453
LMO4,0.0,0.2186426116838488,0.20446735395189003,-0.0967040823102985
YPEL1,0.0,0.08719931271477663,0.06829896907216494,-0.35245295732238635
MKI67,0.0,1.1859965635738832,1.2525773195876289,0.07879983167420802
DNAJB1,16.0,11.551116838487973,9.564862542955327,-0.2722162068703794
HNRNPA1,16.0,13.969072164948454,14.152920962199312,0.01886363641831436
VIM,16.0,43.06915807560137,42.54596219931271,-0.017632901523784016
HBA2,16.0,2.304553264604811,1.952319587628866,-0.23929787644946957
EIF1,16.0,31.36426116838488,30.479810996563575,-0.04126762143398935
EEF1B2,16.0,18.545962199312715,18.103951890034363,-0.03480046364311607
CHCHD7,16.0,0.6095360824742269,0.5734536082474226,-0.08803484733670848
EMP3,16.0,2.286082474226804,2.3006872852233675,0.009187450298084366
H1F0,16.0,1.859106529209622,2.1391752577319587,0.20244524302702907
LDHB,16.0,8.332474226804123,8.385309278350515,0.009119046266253848
RPSA,16.0,48.067439862542955,46.949742268041234,-0.033942727429306284
PDZD2,16.0,0.35738831615120276,0.3243127147766323,-0.14010688351695358
OTUD1,16.0,1.0562714776632303,1.0004295532646048,-0.07836109530897803
GAPDH,16.0,32.7504295532646,31.7766323024055,-0.043547593591877314
MIF,16.0,6.930412371134021,6.474226804123711,-0.09823329096657812
GNAS,16.0,17.356529209621993,17.721649484536083,0.030034411940191963
BNIP3,16.0,2.4441580756013748,2.3402061855670104,-0.06270194915565362
WSCD1,16.0,0.1056701030927835,0.05970790378006873,-0.8235734221060068
LGALS1,16.0,54.6069587628866,53.8397766323024,-0.020412386141940787
FKBP4,16.0,15.955756013745704,14.392182130584192,-0.14879161895820095
HSPH1,16.0,2.4007731958762886,2.1507731958762886,-0.15864371950918846
CNBP,16.0,15.028780068728523,15.436855670103093,0.03865101416497772
FLCN,16.0,0.8513745704467354,0.9209621993127147,0.11334794314324455
FOXO1,16.0,0.20532646048109965,0.19845360824742267,-0.04911776632135441
SMPDL3A,16.0,0.27319587628865977,0.2757731958762887,0.013546531788594792
CCT8,16.0,3.2710481099656357,3.2396907216494846,-0.013896886228721605
ID2,16.0,1.4248281786941581,1.6241408934707904,0.1888888370749545
ZNF100,16.0,0.0781786941580756,0.0627147766323024,-0.3179700767684238
MBD6,16.0,0.6434707903780069,0.5867697594501718,-0.13308013995200543
HSPA1A,16.0,1.0691580756013745,0.7199312714776632,-0.5705440806271249
APOE,16.0,20.810567010309278,21.307989690721648,0.03407821433627182
RPL22L1,16.0,10.262886597938145,11.014604810996564,0.10198116538062756
ANXA2R,16.0,0.3784364261168385,0.39390034364261167,0.05777971452497776
C1orf21,16.0,0.15292096219931273,0.09664948453608248,-0.6619522342565289
PARK7,16.0,12.379725085910653,12.467353951890034,0.010176025465593385
PDCD5,16.0,0.8118556701030928,0.9351374570446735,0.2039551728455002
GLUL,16.0,3.922250859106529,3.9531786941580758,0.011331359977800347
ING4,16.0,0.7435567010309279,0.8213058419243986,0.14347679843043448
KLF2,16.0,0.5309278350515464,0.627147766323024,0.24028962544610288
NDUFS6,16.0,6.305841924398625,4.633161512027492,-0.44469202913741734
TNNT1,16.0,1.5077319587628866,1.1701030927835052,-0.3657443269037522
MYB,16.0,0.06829896907216494,0.05798969072164949,-0.2360673544782828
WIPF2,16.0,0.7667525773195877,0.8767182130584192,0.19335210788025461
OTUD3,16.0,0.5004295532646048,0.5025773195876289,0.006178574916804053
DUSP1,16.0,1.833762886597938,1.7375429553264605,-0.07775845988673119
NPM1,16.0,28.379295532646047,31.823024054982817,0.165232160131551
MYO19,16.0,0.24613402061855671,0.18642611683848798,-0.4008400944351503
DDRGK1,16.0,0.06357388316151202,0.11855670103092783,0.8990710806248354
AC244197.2,16.0,0.0700171821305842,0.07989690721649484,0.1904306543290396
PTEN,16.0,0.26417525773195877,0.218213058419244,-0.2757579123041595
PLEKHF2,16.0,0.22422680412371135,0.04381443298969072,-2.355480628105085
IP6K2,16.0,1.886168384879725,2.111683848797251,0.16293538116443546
CLN5,16.0,0.7547250859106529,0.4007731958762887,-0.9131652034683881
DNAH6,16.0,0.04768041237113402,0.04209621993127148,-0.17970601822113394
CEP72,16.0,0.07903780068728522,0.05798969072164949,-0.44674635238093596
LAMA2,16.0,1.1365979381443299,1.2474226804123711,0.1342283916043046
DDIT4,16.0,4.274054982817869,5.054982817869416,0.2421007208843099
FAM83G,16.0,0.1331615120274914,0.13788659793814434,0.05030508147680127
STIM2,16.0,0.25171821305841924,0.27190721649484534,0.11130483458053986
PANK2,16.0,0.6722508591065293,0.790807560137457,0.2343269692081906
COMP,16.0,0.009450171821305841,0.014604810996563574,0.6280311687318589
HSPA6,16.0,8.936426116838488,10.490549828178693,0.2313204092583909
SF1,16.0,4.1271477663230245,4.7895189003436425,0.2147356539410522
POLA1,16.0,0.10867697594501718,0.19458762886597938,0.8403736594909645
POLH,16.0,0.11683848797250859,0.06786941580756013,-0.7836820841640847
GAMT,16.0,1.4982817869415808,1.7757731958762886,0.24513834849805347
AL450384.1,16.0,0.07216494845360824,0.06958762886597938,-0.052467419153704675
PKN3,16.0,0.0743127147766323,0.05584192439862543,-0.4122604081867698
OBSL1,16.0,0.9437285223367697,1.0597079037800687,0.1672228457095368
CCDC28A,16.0,0.6013745704467354,0.6052405498281787,0.009244784461984063
CCDC144NL-AS1,16.0,0.08161512027491409,0.05713058419243986,-0.5145731652539823
MYLPF,16.0,1.5987972508591066,1.695446735395189,0.08467846378251218
SLC26A5,16.0,0.27147766323024053,0.24312714776632302,-0.15912250472554007
SLC3A2,16.0,4.2006013745704465,3.9351374570446733,-0.09418185359748579
LAMA4,16.0,5.527920962199313,5.700171821305842,0.04426841901359795
MDH2,16.0,2.0468213058419242,2.013316151202749,-0.02381141930655004
PABPN1,16.0,1.711340206185567,1.7762027491408934,0.05366968195977116
DNAI1,16.0,0.01331615120274914,0.007302405498281787,-0.8667333799139327
DCP2,16.0,1.0798969072164948,1.27233676975945,0.23658699066627772
GPCPD1,16.0,0.5743127147766323,0.6932989690721649,0.2716411127533035
AC106707.1,16.0,0.07517182130584192,0.07903780068728522,0.0723508432859465
OAS3,16.0,0.31572164948453607,0.27233676975945015,-0.21326140885636832
EIF2A,16.0,2.170103092783505,2.3767182130584192,0.13120728459747868
MAPK11,16.0,0.07731958762886598,0.0936426116838488,0.2763312251947904
ANKH,16.0,0.0979381443298969,0.06572164948453608,-0.5755021642511705
FSTL5,16.0,0.3316151202749141,0.28951890034364264,-0.19585225545365498
SNRPF,16.0,9.18127147766323,9.681701030927835,0.07656658417614193
ZBTB48,16.0,0.11898625429553264,0.08161512027491409,-0.5438865521663179
RFWD3,16.0,0.2813573883161512,0.20489690721649484,-0.457505638505848
RBM4,16.0,0.3629725085910653,0.2916666666666667,-0.3155397659530992
BANF1,16.0,2.7237972508591066,2.7555841924398625,0.01673888846535755
DEDD2,16.0,1.4875429553264605,1.6370274914089347,0.13814722052637823
AC148476.1,16.0,0.3715635738831615,0.24312714776632302,-0.6118980776410607
PPP2R3B,16.0,0.09879725085910653,0.06357388316151202,-0.6360366772248053
LNCSRLR,16.0,0.09579037800687286,0.0781786941580756,-0.29310525632875495
CDC37,16.0,0.6481958762886598,1.134020618556701,0.8069451227656189
ATL2,16.0,0.5257731958762887,0.615979381443299,0.2284414656074195
MTRNR2L10,16.0,0.39819587628865977,0.3741408934707904,-0.08989661979372406
LNX2,16.0,0.07731958762886598,0.08548109965635739,0.14477152243247526
SULT1E1,16.0,0.9596219931271478,0.9192439862542955,-0.0620183891287685
HSPA1B,16.0,36.03006872852234,0.38273195876288657,-6.556723216299116
GTSE1,16.0,0.8552405498281787,0.8530927835051546,-0.0036275981878817498
TOP2A,16.0,3.689003436426117,4.309278350515464,0.22421515688697374
BIRC5,16.0,0.4325601374570447,0.38101374570446733,-0.18305767325450367
TPX2,16.0,4.80798969072165,4.756872852233677,-0.015420339004315865
NUSAP1,16.0,0.9819587628865979,0.886168384879725,-0.14808158216918013
CENPF,16.0,9.652491408934708,9.60094501718213,-0.0077249483968979335
PTTG1,16.0,4.249570446735395,3.9510309278350517,-0.1050878792390517
HJURP,16.0,0.43943298969072164,0.4497422680412371,0.03345529711022275
UBE2C,16.0,4.594931271477663,4.566151202749141,-0.009064649103369175
RACGAP1,16.0,0.19673539518900343,0.08891752577319588,-1.1457168217057014
NDC80,16.0,0.5034364261168385,0.5081615120274914,0.013477503890894159
CDCA3,16.0,0.6417525773195877,0.6005154639175257,-0.09581578725942796
DLGAP5,16.0,0.30670103092783507,0.25687285223367695,-0.2557785889185301
CDKN3,16.0,0.7207903780068728,0.5674398625429553,-0.3451122486520782
NUF2,16.0,0.7276632302405498,0.7160652920962199,-0.02317977031366933
FBXO5,16.0,0.8672680412371134,0.7873711340206185,-0.13943412462278787
CCNA2,16.0,0.7585910652920962,0.7491408934707904,-0.018085302847548876
KIF23,16.0,0.5966494845360825,0.5356529209621993,-0.15558513387637757
UBALD2,16.0,0.25730240549828176,0.23281786941580757,-0.14426315084524782
PRRT2,16.0,0.09493127147766323,0.08376288659793814,-0.18057224361551982
ELN,16.0,1.5438144329896908,1.5382302405498283,-0.005227890186024876
KIF2C,16.0,0.10008591065292097,0.2109106529209622,1.0753930620861598
CDC20,16.0,0.33762886597938147,0.32130584192439865,-0.07149104215389128
SGO1,16.0,0.23883161512027493,0.1490549828178694,-0.6801492165069382
CCDC18,16.0,0.11082474226804123,0.09879725085910653,-0.16573720289410254
SPC25,16.0,0.538659793814433,0.5120274914089347,-0.07315311220056964
KIFC1,16.0,0.15893470790378006,0.11898625429553264,-0.4176392914195168
HMMR,16.0,1.086340206185567,1.0721649484536082,-0.018949102783431853
TTK,16.0,0.5493986254295533,0.4896907216494845,-0.16598243950935104
PIMREG,16.0,0.33118556701030927,0.2809278350515464,-0.23744022363763984
CKS2,16.0,2.3221649484536084,2.241408934707904,-0.05106456769485897
IER5,16.0,1.4390034364261168,1.5373711340206186,0.09539544811973875
MIR503HG,16.0,0.11898625429553264,0.08676975945017182,-0.45553067879557857
JUND,16.0,2.3097079037800685,2.582474226804124,0.16104353757492318
AURKB,16.0,0.7762027491408935,0.6808419243986255,-0.1891136655775007
MEST,16.0,9.479810996563574,9.6340206185567,0.023279715832760596
CKAP2,16.0,0.4119415807560137,0.422680412371134,0.037127500232130746
PSRC1,16.0,0.6052405498281787,0.45962199312714774,-0.39706081426592643
TMEM185A,16.0,0.4836769759450172,0.6357388316151202,0.3943903477226371
CDCA2,16.0,0.20446735395189003,0.24012027491408935,0.23188670848759527
CDK1,16.0,1.168384879725086,1.0644329896907216,-0.1344304638765127
FOXM1,16.0,0.5463917525773195,0.5730240549828178,0.06865999577751226
PRC1,16.0,0.5644329896907216,0.5756013745704467,0.028267724973210888
ASPM,16.0,1.6288659793814433,1.6743986254295533,0.039775126335545606
HIST1H4C,16.0,9.299828178694158,10.258591065292096,0.14155663530706494
HIST2H2AC,16.0,0.3754295532646048,1.0150343642611683,1.4349144420517896
CCNB1,16.0,1.9548969072164948,1.9600515463917525,0.0037990674755224558
NET1,16.0,1.2706185567010309,1.390893470790378,0.1304809331053144
LSM5,16.0,4.120274914089347,3.990979381443299,-0.04599777500706058
PBX3,16.0,0.04639175257731959,0.03264604810996564,-0.5069599756259493
FAM122B,16.0,0.12628865979381443,0.07259450171821306,-0.7987929001046317
PAX6,16.0,0.6232817869415808,0.634020618556701,0.02464520195444639
FANCD2,16.0,0.11855670103092783,0.15420962199312716,0.37931557423147866
LIG1,16.0,0.13487972508591065,0.16022336769759452,0.24841106967172513
HIST1H1C,16.0,0.7560137457044673,1.4991408934707904,0.987651606626411
REXO5,16.0,0.5425257731958762,0.4643470790378007,-0.2244881156051885
UBE2S,16.0,2.1550687285223367,2.247422680412371,0.060537602706276394
CDKN2C,16.0,1.004295532646048,1.004725085910653,0.0006169318201569952
HIST1H2AG,16.0,0.11769759450171821,0.17396907216494845,0.5637460108466428
TUBA1B,16.0,17.056701030927837,16.971649484536083,-0.007211851168238231
FIGNL1,16.0,0.4690721649484536,0.5807560137457045,0.30812229477086345
CD9,16.0,0.7379725085910653,0.9458762886597938,0.3580844319962081
DDB2,16.0,0.13487972508591065,0.06056701030927835,-1.155069383369177
NCAPG2,16.0,0.15506872852233677,0.09407216494845361,-0.7210679612535363
CKS1B,16.0,1.0124570446735395,0.9634879725085911,-0.07152213809147276
RTKN2,16.0,0.15549828178694158,0.1490549828178694,-0.06105403410388325
SPC24,16.0,0.502147766323024,0.4690721649484536,-0.09830207340921687
HIST1H2BH,16.0,1.027061855670103,1.0489690721649485,0.030449070246439197
NCAPH,16.0,0.17268041237113402,0.12800687285223367,-0.431883167801029
HMGB2,16.0,2.6907216494845363,2.3071305841924397,-0.22189349104636083
HIST1H1A,16.0,0.38187285223367695,0.4518900343642612,0.24287937987716635
CHEK2,16.0,0.12843642611683848,0.16580756013745704,0.36845536053824024
AZI2,16.0,1.1980240549828178,1.270189003436426,0.08438630902359473
TROAP,16.0,0.8711340206185567,0.8384879725085911,-0.055104599375974436
VAMP1,16.0,0.0390893470790378,0.02663230240549828,-0.5535983125485767
COX7B,16.0,7.269759450171821,6.401202749140894,-0.18356462274698226
AL031777.3,16.0,0.4162371134020619,0.406786941580756,-0.03313223986617575
TRIM59,16.0,0.6413230240549829,0.6597938144329897,0.04096405052363892
LRRC45,16.0,0.07130584192439862,0.06099656357388316,-0.2252923084226662
PIDD1,16.0,0.4802405498281787,0.5085910652920962,0.08274889261830064
PITHD1,16.0,0.9875429553264605,1.0154639175257731,0.04022356941918408
CCSAP,16.0,0.30498281786941583,0.35309278350515466,0.2113193686451052
PTP4A1,16.0,1.2164948453608246,1.338487972508591,0.13787396787058195
SCMH1,16.0,0.11812714776632302,0.07474226804123711,-0.6603443054740983
PFDN1,16.0,0.31958762886597936,0.25,-0.3542834669432065
SGO2,16.0,0.7517182130584192,0.7414089347079038,-0.019922457514049637
H2AFX,16.0,1.1649484536082475,1.227233676975945,0.07514385773717501
LIN9,16.0,0.15077319587628865,0.11898625429553264,-0.3415850516991282
CDK5RAP3,16.0,0.6679553264604811,0.7946735395189003,0.25061069004129827
NCAPD2,16.0,0.5236254295532646,0.5382302405498282,0.03968828862688622
ANP32E,16.0,1.6013745704467355,1.6937285223367697,0.08089185040441225
SGCE,16.0,1.2512886597938144,1.2882302405498283,0.041975820695329166
NEK2,16.0,0.7259450171821306,0.6348797250859106,-0.19337697673833845
ZNF230,16.0,0.1013745704467354,0.08161512027491409,-0.3127874375854133
RNF219,16.0,0.21649484536082475,0.16194158075601375,-0.4188592079863918
CDCA5,16.0,0.711340206185567,0.6069587628865979,-0.22894120681659824
LMO4,16.0,0.40378006872852235,0.3599656357388316,-0.1657105124307518
YPEL1,16.0,0.2109106529209622,0.23668384879725085,0.16632929351160275
MKI67,16.0,1.409364261168385,1.1589347079037802,-0.282245245348956
DNAJB1,32.0,9.032646048109966,6.847938144329897,-0.3994790063092575
HNRNPA1,32.0,14.028350515463918,14.542525773195877,0.0519324773504683
VIM,32.0,43.774484536082475,45.81056701030928,0.06559022922179172
HBA2,32.0,2.1683848797250858,2.1572164948453607,-0.007449881707604413
EIF1,32.0,23.79209621993127,22.254725085910653,-0.09637070786086675
EEF1B2,32.0,24.003006872852232,27.277920962199314,0.18451854630721684
CHCHD7,32.0,0.43943298969072164,0.506872852233677,0.20598071406705776
EMP3,32.0,2.318298969072165,2.2246563573883162,-0.059484128815595325
H1F0,32.0,1.7130584192439862,2.261168384879725,0.4004940791329014
LDHB,32.0,8.25085910652921,8.304123711340207,0.009283591196186887
RPSA,32.0,47.652061855670105,38.387027491408936,-0.31191979033111816
PDZD2,32.0,0.39819587628865977,0.3337628865979381,-0.2546547395183847
OTUD1,32.0,1.0206185567010309,1.04553264604811,0.03479433187927914
GAPDH,32.0,33.078178694158076,30.4823883161512,-0.11790385756201975
MIF,32.0,5.999570446735395,5.787800687285223,-0.05184397020851726
GNAS,32.0,17.608247422680414,18.008161512027492,0.03239957869252477
BNIP3,32.0,2.3694158075601375,2.3397766323024056,-0.0181605896658235
WSCD1,32.0,0.09106529209621993,0.09707903780068729,0.0922585068705996
LGALS1,32.0,56.493986254295535,54.80627147766323,-0.04375631169189363
FKBP4,32.0,16.57517182130584,15.152061855670103,-0.12950970016785174
HSPH1,32.0,2.2843642611683848,2.2126288659793816,-0.046031237113901696
CNBP,32.0,14.264604810996564,14.9106529209622,0.06390365420875235
FLCN,32.0,0.9149484536082474,0.9987113402061856,0.1263772856373075
FOXO1,32.0,0.24699312714776633,0.15979381443298968,-0.6282593315362609
SMPDL3A,32.0,0.23797250859106528,0.24054982817869416,0.015540850830823438
CCT8,32.0,3.2573024054982818,3.2989690721649483,0.01833758802371039
ID2,32.0,1.431701030927835,1.583762886597938,0.14562609888681927
ZNF100,32.0,0.11125429553264604,0.0429553264604811,-1.3729520772934336
MBD6,32.0,0.6378865979381443,0.5382302405498282,-0.24507651594750496
HSPA1A,32.0,1.175257731958763,1.050257731958763,-0.16223376490019994
APOE,32.0,21.823024054982817,22.5176116838488,0.04520278468534209
RPL22L1,32.0,9.72594501718213,10.588487972508592,0.12258624749185937
ANXA2R,32.0,0.42912371134020616,0.35223367697594504,-0.28486076755308165
C1orf21,32.0,0.05283505154639175,0.08419243986254296,0.6721953286060098
PARK7,32.0,12.36340206185567,12.606529209621993,0.028095344896987357
PDCD5,32.0,0.8505154639175257,0.9119415807560137,0.10060394082414979
GLUL,32.0,2.8530927835051547,2.3823024054982818,-0.26017010636330146
ING4,32.0,0.7306701030927835,0.8930412371134021,0.2895066168359884
KLF2,32.0,0.5618556701030928,0.6980240549828178,0.31307717680419134
NDUFS6,32.0,6.562714776632302,7.183848797250859,0.13046425189080782
TNNT1,32.0,1.4188144329896908,1.152061855670103,-0.30046773214561057
MYB,32.0,0.054982817869415807,0.09707903780068729,0.8201789510372075
WIPF2,32.0,0.7061855670103093,0.7843642611683849,0.15147646609891624
OTUD3,32.0,0.18041237113402062,0.3582474226804124,0.9896580518089798
DUSP1,32.0,1.7147766323024054,1.7899484536082475,0.061897379329955246
NPM1,32.0,25.108247422680414,29.20790378006873,0.21819749043247713
MYO19,32.0,0.16237113402061856,0.16580756013745704,0.03021461286285915
DDRGK1,32.0,0.22293814432989692,0.23024054982817868,0.046498461894645494
AC244197.2,32.0,0.02147766323024055,0.024054982817869417,0.1634987250858925
PTEN,32.0,0.27448453608247425,0.21391752577319587,-0.3596701873907648
PLEKHF2,32.0,0.12070446735395189,0.05798969072164949,-1.057610710243913
IP6K2,32.0,2.038230240549828,2.082474226804124,0.030981611549441148
CLN5,32.0,0.7384020618556701,0.5472508591065293,-0.4322042665393084
DNAH6,32.0,0.0313573883161512,0.07646048109965636,1.2859088449467495
CEP72,32.0,0.07130584192439862,0.04896907216494845,-0.542149407953326
LAMA2,32.0,1.177405498281787,1.3505154639175259,0.19789888927576926
DDIT4,32.0,2.5880584192439864,3.1198453608247423,0.2696043386203884
FAM83G,32.0,0.4106529209621993,0.3397766323024055,-0.2733329227751201
STIM2,32.0,0.26331615120274915,0.23539518900343642,-0.16171118008037996
PANK2,32.0,0.45146048109965636,0.8071305841924399,0.8382023960496965
COMP,32.0,0.014175257731958763,0.014175257731958763,0.0
HSPA6,32.0,7.787371134020619,11.909364261168385,0.6128881124514857
SF1,32.0,3.4282646048109964,3.9261168384879723,0.19562464125679563
POLA1,32.0,0.12972508591065293,0.163659793814433,0.3352424458622781
POLH,32.0,0.10395189003436427,0.06314432989690721,-0.7191908834691396
GAMT,32.0,1.4128006872852235,1.6172680412371134,0.1950008565947854
AL450384.1,32.0,0.2654639175257732,0.2504295532646048,-0.08411095437761464
PKN3,32.0,0.06314432989690721,0.01718213058419244,-1.8777441888317312
OBSL1,32.0,0.9110824742268041,1.0506872852233677,0.20567978278643284
CCDC28A,32.0,0.5661512027491409,0.5940721649484536,0.06945078602267665
CCDC144NL-AS1,32.0,0.08247422680412371,0.0700171821305842,-0.23623434337788451
MYLPF,32.0,1.7925257731958764,1.8896048109965635,0.07609068060537978
SLC26A5,32.0,0.522766323024055,0.4901202749140893,-0.09303037624122584
SLC3A2,32.0,1.9802405498281788,1.5536941580756014,-0.3499731524609135
LAMA4,32.0,5.381872852233677,5.871993127147766,0.1257419721256383
MDH2,32.0,1.8097079037800687,1.8152920962199313,0.0044448513702337366
PABPN1,32.0,1.7534364261168385,1.8329037800687284,0.06394592813271954
DNAI1,32.0,0.01331615120274914,0.007302405498281787,-0.8667333799139327
DCP2,32.0,1.1567869415807561,1.3389175257731958,0.21094392495404735
GPCPD1,32.0,0.5051546391752577,0.6194158075601375,0.2941831038776331
AC106707.1,32.0,0.09321305841924399,0.07130584192439862,-0.3865117963424523
OAS3,32.0,0.33032646048109965,0.3238831615120275,-0.028419074606275848
EIF2A,32.0,2.0579896907216493,2.2628865979381443,0.13692853206065056
MAPK11,32.0,0.06443298969072164,0.04982817869415808,-0.3708376888055386
ANKH,32.0,0.1056701030927835,0.06701030927835051,-0.6571122786003639
FSTL5,32.0,0.3225945017182131,0.2933848797250859,-0.13692732877892946
SNRPF,32.0,9.283505154639176,9.663659793814434,0.057900042194335116
ZBTB48,32.0,0.12285223367697594,0.08032646048109966,-0.6129768706736926
RFWD3,32.0,0.2268041237113402,0.15463917525773196,-0.5525410200603245
RBM4,32.0,0.3337628865979381,0.25257731958762886,-0.4020984421819658
BANF1,32.0,2.698453608247423,2.7036082474226806,0.002753235645439978
DEDD2,32.0,1.5597079037800687,1.8900343642611683,0.27713659345015385
AC148476.1,32.0,0.3595360824742268,0.19243986254295534,-0.9017288870085352
PPP2R3B,32.0,0.11512027491408934,0.0468213058419244,-1.297904847400124
LNCSRLR,32.0,0.11855670103092783,0.09192439862542956,-0.3670574668514762
CDC37,32.0,0.6877147766323024,0.8213058419243986,0.25610921512326823
ATL2,32.0,0.5970790378006873,0.5992268041237113,0.005180239097019724
MTRNR2L10,32.0,0.44329896907216493,0.39690721649484534,-0.15947821362680617
LNX2,32.0,0.03951890034364261,0.055412371134020616,0.4876652888953972
SULT1E1,32.0,0.9329896907216495,1.004295532646048,0.10625082661750518
HSPA1B,32.0,28.17611683848797,0.3870274914089347,-6.185892935053286
GTSE1,32.0,0.7637457044673539,0.7555841924398625,-0.015499841337405031
TOP2A,32.0,4.107817869415808,4.244415807560137,0.047193780419274745
BIRC5,32.0,0.6486254295532646,0.5184707903780069,-0.32312287289905756
TPX2,32.0,4.575171821305842,4.957474226804123,0.11577934702923182
NUSAP1,32.0,0.8316151202749141,0.8629725085910653,0.053398611395660454
CENPF,32.0,8.734536082474227,9.550257731958762,0.12880858824594432
PTTG1,32.0,4.149484536082475,4.213058419243986,0.021935789962399515
HJURP,32.0,0.4798109965635739,0.41280068728522334,-0.21702084922146814
UBE2C,32.0,4.045962199312715,4.390463917525773,0.11789054875885556
RACGAP1,32.0,0.16323024054982818,0.10051546391752578,-0.6994908832329828
NDC80,32.0,0.47508591065292094,0.4888316151202749,0.041149171986484157
CDCA3,32.0,0.5691580756013745,0.4695017182130584,-0.2776989581279854
DLGAP5,32.0,0.23883161512027493,0.16194158075601375,-0.5605203565867423
CDKN3,32.0,0.5923539518900344,0.554553264604811,-0.09513345604077374
NUF2,32.0,0.688573883161512,0.5734536082474226,-0.26393468315902385
FBXO5,32.0,0.7525773195876289,0.8084192439862543,0.10326385299494527
CCNA2,32.0,0.6095360824742269,0.5687285223367697,-0.09997146708350532
KIF23,32.0,0.4213917525773196,0.5210481099656358,0.3062545082464608
UBALD2,32.0,0.23883161512027493,0.25816151202749144,0.1122801075353842
PRRT2,32.0,0.12886597938144329,0.07774914089347079,-0.7289727960522208
ELN,32.0,1.5154639175257731,1.5309278350515463,0.014646775954785314
KIF2C,32.0,0.18084192439862543,0.19372852233676977,0.09930719965832036
CDC20,32.0,0.4587628865979381,0.3861683848797251,-0.24851862558193522
SGO1,32.0,0.1327319587628866,0.1481958762886598,0.15898952262697572
CCDC18,32.0,0.08247422680412371,0.1095360824742268,0.4093909318159816
SPC25,32.0,0.47508591065292094,0.4209621993127148,-0.17449773084170306
KIFC1,32.0,0.13917525773195877,0.11211340206185567,-0.31194400381259485
HMMR,32.0,1.032216494845361,1.0416666666666667,0.013148098819306004
TTK,32.0,0.4493127147766323,0.4252577319587629,-0.07938242109834315
PIMREG,32.0,0.21305841924398625,0.20103092783505155,-0.08383159039834655
CKS2,32.0,2.2280927835051547,2.3878865979381443,0.09992501234165399
IER5,32.0,1.2358247422680413,1.3956185567010309,0.17543052245653318
MIR503HG,32.0,0.0936426116838488,0.07774914089347079,-0.2683384345443476
JUND,32.0,1.8449312714776633,2.4656357388316152,0.4183926053403675
AURKB,32.0,0.5790378006872853,0.6696735395189003,0.20980043117871316
MEST,32.0,8.596219931271477,8.90979381443299,0.05168965198494555
CKAP2,32.0,0.39261168384879724,0.3075601374570447,-0.3522345767776499
PSRC1,32.0,0.5940721649484536,0.5158934707903781,-0.20356500507684638
TMEM185A,32.0,0.5137457044673539,0.6872852233676976,0.419854514867552
CDCA2,32.0,0.0820446735395189,0.1327319587628866,0.6940341931536003
CDK1,32.0,0.9965635738831615,1.059278350515464,0.08804799430219531
FOXM1,32.0,0.5369415807560137,0.48668384879725085,-0.1417802334514716
PRC1,32.0,0.622852233676976,0.5579896907216495,-0.15865146918516473
ASPM,32.0,1.4209621993127148,1.4802405498281788,0.05896346701301461
HIST1H4C,32.0,9.10266323024055,10.458762886597938,0.20035160103633232
HIST2H2AC,32.0,0.8221649484536082,0.8591065292096219,0.06340917010060712
CCNB1,32.0,1.956615120274914,2.1103951890034365,0.10915318500787675
NET1,32.0,1.3539518900343643,1.5214776632302405,0.1682966771782137
LSM5,32.0,2.643470790378007,2.9196735395189,0.14337367909162255
PBX3,32.0,0.09965635738831616,0.070446735395189,-0.500428984506955
FAM122B,32.0,0.11769759450171821,0.08462199312714777,-0.4759802587130921
PAX6,32.0,0.625,0.6662371134020618,0.0921795330975702
FANCD2,32.0,0.1254295532646048,0.12886597938144329,0.03899413130914253
LIG1,32.0,0.10008591065292097,0.13960481099656358,0.48010975918110554
HIST1H1C,32.0,1.17053264604811,1.2951030927835052,0.14590177211724606
REXO5,32.0,0.5236254295532646,0.5249140893470791,0.003546159191753559
UBE2S,32.0,1.9527491408934707,2.220790378006873,0.18556659629527855
CDKN2C,32.0,0.9398625429553265,1.0064432989690721,0.09874421596903138
HIST1H2AG,32.0,0.0700171821305842,0.0897766323024055,0.3586309733147617
TUBA1B,32.0,16.621993127147768,16.46950171821306,-0.013296477401629389
FIGNL1,32.0,0.5420962199312714,0.5652920962199313,0.06044757864348931
CD9,32.0,0.5794673539518901,0.6782646048109966,0.22712082254931626
DDB2,32.0,0.140893470790378,0.1056701030927835,-0.4150374958656386
NCAPG2,32.0,0.09579037800687286,0.0897766323024055,-0.09354076683055403
CKS1B,32.0,0.9815292096219931,0.7508591065292096,-0.3864889799932854
RTKN2,32.0,0.13359106529209622,0.09536082474226804,-0.48635489945103244
SPC24,32.0,0.4338487972508591,0.46176975945017185,0.08998136663659845
HIST1H2BH,32.0,0.5300687285223368,0.9617697594501718,0.8595121324815085
NCAPH,32.0,0.14261168384879724,0.12886597938144329,-0.14622073977197753
HMGB2,32.0,2.518470790378007,1.975085910652921,-0.3506325905206919
HIST1H1A,32.0,0.2925257731958763,0.452319587628866,0.6287787312713374
CHEK2,32.0,0.14218213058419243,0.12714776632302405,-0.16123403997847616
AZI2,32.0,1.1125429553264605,1.2031786941580755,0.1129898854029053
TROAP,32.0,0.6958762886597938,0.6743986254295533,-0.04522925392697196
VAMP1,32.0,0.08032646048109966,0.05025773195876289,-0.6765297295586963
COX7B,32.0,6.728092783505154,6.279209621993127,-0.09961462581716203
AL031777.3,32.0,0.4329896907216495,0.44029209621993126,0.024128270837630278
TRIM59,32.0,0.5962199312714777,0.5893470790378007,-0.016727086377230076
LRRC45,32.0,0.05369415807560137,0.05412371134020619,0.011495638624585471
PIDD1,32.0,0.4583333333333333,0.4579037800687285,-0.0013527380622962602
PITHD1,32.0,1.1280068728522337,1.0459621993127148,-0.10894514382285997
CCSAP,32.0,0.2109106529209622,0.2701890034364261,0.3573369910638595
PTP4A1,32.0,1.254295532646048,1.3346219931271477,0.08955387228523427
SCMH1,32.0,0.12929553264604812,0.0859106529209622,-0.589763481350127
PFDN1,32.0,0.2916666666666667,0.25730240549828176,-0.18085557079532755
SGO2,32.0,0.7981099656357389,0.7401202749140894,-0.10882780001607308
H2AFX,32.0,1.1095360824742269,1.2302405498281788,0.14898384901868103
LIN9,32.0,0.10824742268041238,0.1327319587628866,0.2941831019459404
CDK5RAP3,32.0,0.7121993127147767,0.7577319587628866,0.08940655394004504
NCAPD2,32.0,0.42783505154639173,0.3943298969072165,-0.11765158836775609
ANP32E,32.0,1.7109106529209621,1.722938144329897,0.010106486444436638
SGCE,32.0,1.065721649484536,1.2663230240549828,0.24881478898819168
NEK2,32.0,0.6481958762886598,0.5115979381443299,-0.34141939206829985
ZNF230,32.0,0.0859106529209622,0.06915807560137457,-0.31293930759224525
RNF219,32.0,0.23152920962199314,0.1718213058419244,-0.43028527081245344
CDCA5,32.0,0.5180412371134021,0.47551546391752575,-0.12357468486947608
LMO4,32.0,0.30627147766323026,0.25859106529209624,-0.24413858881563666
YPEL1,32.0,0.17268041237113402,0.10738831615120274,-0.685267401437177
MKI67,32.0,1.0193298969072164,0.7641752577319587,-0.41564558945421376
DNAJB1,48.0,8.536512027491408,6.076890034364261,-0.4903135272762523
HNRNPA1,48.0,14.537371134020619,14.375,-0.016204446981140215
VIM,48.0,41.09364261168385,40.18170103092783,-0.03237657950662166
HBA2,48.0,2.375,2.509020618556701,0.07919681305713432
EIF1,48.0,20.386168384879724,18.07388316151203,-0.1736841422770043
EEF1B2,48.0,22.630584192439862,23.282646048109967,0.04098120109616198
CHCHD7,48.0,0.4222508591065292,0.5562714776632303,0.39768877541016695
EMP3,48.0,2.268470790378007,2.227233676975945,-0.02646715235907532
H1F0,48.0,1.706615120274914,2.354810996563574,0.46447353450498036
LDHB,48.0,8.554123711340207,8.312285223367697,-0.04137491291865829
RPSA,48.0,39.64003436426117,36.65850515463917,-0.11281025575022381
PDZD2,48.0,0.3286082474226804,0.3333333333333333,0.020596904544879707
OTUD1,48.0,1.1761168384879725,1.175257731958763,-0.001054216371105017
GAPDH,48.0,31.142182130584192,30.75515463917526,-0.018041807565277623
MIF,48.0,5.303694158075602,4.902491408934708,-0.1134824813615625
GNAS,48.0,17.656786941580755,17.593642611683848,-0.005168624053088897
BNIP3,48.0,2.31872852233677,2.381872852233677,0.038762483565725994
WSCD1,48.0,0.09278350515463918,0.07731958762886598,-0.2630344027239846
LGALS1,48.0,55.738831615120276,55.914518900343644,0.004540184117175474
FKBP4,48.0,15.972938144329897,15.355670103092784,-0.05685824272092367
HSPH1,48.0,2.1628006872852232,1.9802405498281788,-0.12722502751595063
CNBP,48.0,14.463487972508592,14.683848797250858,0.021814653515325768
FLCN,48.0,0.8784364261168385,1.0459621993127148,0.2518209288775486
FOXO1,48.0,0.20790378006872853,0.16108247422680413,-0.3681164498743444
SMPDL3A,48.0,0.2547250859106529,0.23324742268041238,-0.1270799062201198
CCT8,48.0,3.3337628865979383,3.263745704467354,-0.030622842731590938
ID2,48.0,1.3552405498281788,1.6056701030927836,0.24462656370921637
ZNF100,48.0,0.08462199312714777,0.07860824742268041,-0.10635197986806173
MBD6,48.0,0.6164089347079038,0.49140893470790376,-0.3269636841893104
HSPA1A,48.0,1.4007731958762886,0.904639175257732,-0.6308090041579022
APOE,48.0,22.42611683848797,23.07946735395189,0.041430094421947124
RPL22L1,48.0,9.332903780068728,9.396477663230241,0.009794031744261298
ANXA2R,48.0,0.4274054982817869,0.41323024054982815,-0.048659631545178626
C1orf21,48.0,0.15463917525773196,0.09493127147766323,-0.7039505310704132
PARK7,48.0,13.064003436426116,13.102233676975946,0.004215708774303944
PDCD5,48.0,0.9768041237113402,0.9884020618556701,0.017028729314511135
GLUL,48.0,2.3440721649484537,2.1512027491408934,-0.12387348138484379
ING4,48.0,0.7890893470790378,0.9716494845360825,0.30024730253495674
KLF2,48.0,0.6451890034364262,0.7860824742268041,0.28495883525634885
NDUFS6,48.0,7.901202749140894,7.298969072164948,-0.11437957425793559
TNNT1,48.0,1.695446735395189,1.386168384879725,-0.29056294121630544
MYB,48.0,0.048539518900343644,0.0313573883161512,-0.6303543872491046
WIPF2,48.0,0.7538659793814433,0.9089347079037801,0.26986859659561124
OTUD3,48.0,0.24012027491408935,0.4072164948453608,0.7620387735896715
DUSP1,48.0,1.7246563573883162,1.9780927835051547,0.1978011684668458
NPM1,48.0,22.801546391752577,22.29123711340206,-0.03265498556538172
MYO19,48.0,0.2104810996563574,0.1791237113402062,-0.23273436435799824
DDRGK1,48.0,0.18298969072164947,0.18127147766323023,-0.01361043144392299
AC244197.2,48.0,0.07603092783505154,0.0468213058419244,-0.6994212134683893
PTEN,48.0,0.2697594501718213,0.24871134020618557,-0.11720121044978955
PLEKHF2,48.0,0.08290378006872852,0.07646048109965636,-0.11672360483521832
IP6K2,48.0,2.024484536082474,2.088917525773196,0.04520091020136453
CLN5,48.0,0.7646048109965635,0.6967353951890034,-0.13410342145268783
DNAH6,48.0,0.058848797250859106,0.05670103092783505,-0.05363796267346406
CEP72,48.0,0.04553264604810996,0.07302405498281787,0.6814704696460889
LAMA2,48.0,1.159364261168385,1.4158075601374571,0.28829126549097306
DDIT4,48.0,1.9914089347079038,1.9987113402061856,0.005280620748128193
FAM83G,48.0,0.2620274914089347,0.23238831615120276,-0.1731806479212033
STIM2,48.0,0.2916666666666667,0.30455326460481097,0.06237405278548724
PANK2,48.0,0.4957044673539519,1.0038659793814433,1.0180145086640884
COMP,48.0,0.012027491408934709,0.01675257731958763,0.47804726297265526
HSPA6,48.0,8.208333333333334,10.353092783505154,0.3349005850867083
SF1,48.0,4.176546391752577,3.8891752577319587,-0.1028462147656335
POLA1,48.0,0.18213058419243985,0.2190721649484536,0.2664329809599251
POLH,48.0,0.09664948453608248,0.08118556701030928,-0.25153876415271026
GAMT,48.0,1.449742268041237,1.5966494845360826,0.13925118594463973
AL450384.1,48.0,0.12242268041237113,0.11426116838487972,-0.09953567270916151
PKN3,48.0,0.07646048109965636,0.054982817869415807,-0.4757334235958878
OBSL1,48.0,0.8518041237113402,1.1198453608247423,0.39470590490131385
CCDC28A,48.0,0.6000859106529209,0.6168384879725086,0.0397237283482948
CCDC144NL-AS1,48.0,0.0743127147766323,0.08118556701030928,0.1276141949408485
MYLPF,48.0,1.7654639175257731,1.8543814432989691,0.07089069885322528
SLC26A5,48.0,0.3436426116838488,0.33075601374570446,-0.05514155402889316
SLC3A2,48.0,1.422680412371134,1.2448453608247423,-0.19264507779752907
LAMA4,48.0,4.835051546391752,5.600515463917525,0.21202834662512413
MDH2,48.0,1.9149484536082475,1.7736254295532645,-0.11060419802354542
PABPN1,48.0,1.7474226804123711,1.8286082474226804,0.06551741088755221
DNAI1,48.0,0.009879725085910653,0.009450171821305841,-0.06413033078217868
DCP2,48.0,1.2577319587628866,1.3127147766323024,0.061728989703661766
GPCPD1,48.0,0.4269759450171821,0.6460481099656358,0.5974868089695917
AC106707.1,48.0,0.11597938144329897,0.109106529209622,-0.08813090949509116
OAS3,48.0,0.32560137457044674,0.3329037800687285,0.031998461893314886
EIF2A,48.0,1.9892611683848798,2.2946735395189,0.20605621883488945
MAPK11,48.0,0.09321305841924399,0.05412371134020619,-0.7842712977664464
ANKH,48.0,0.07903780068728522,0.08462199312714777,0.09848986219483585
FSTL5,48.0,0.28350515463917525,0.35008591065292094,0.3043340339048195
SNRPF,48.0,9.439862542955327,9.743556701030927,0.04568264480624171
ZBTB48,48.0,0.13530927835051546,0.11254295532646048,-0.26578501469297044
RFWD3,48.0,0.24355670103092783,0.22508591065292097,-0.1137819229186941
RBM4,48.0,0.3651202749140893,0.21993127147766323,-0.7313190284165972
BANF1,48.0,2.6628006872852232,2.700601374570447,0.020336259125367954
DEDD2,48.0,1.570446735395189,1.9965635738831615,0.34634399815039574
AC148476.1,48.0,0.40807560137457044,0.27319587628865977,-0.5789007461885087
PPP2R3B,48.0,0.1404639175257732,0.05670103092783505,-1.3087526909666647
LNCSRLR,48.0,0.07345360824742268,0.09278350515463918,0.33703498318571645
CDC37,48.0,0.5657216494845361,0.7087628865979382,0.32521067836199
ATL2,48.0,0.6202749140893471,0.7233676975945017,0.22182139584774352
MTRNR2L10,48.0,0.34192439862542956,0.45146048109965636,0.4009223323948078
LNX2,48.0,0.05713058419243986,0.07345360824742268,0.3625700737730225
SULT1E1,48.0,1.0562714776632303,1.0017182130584192,-0.07650394632120286
HSPA1B,48.0,23.815721649484537,0.4836769759450172,-5.621726587823475
GTSE1,48.0,0.7070446735395189,0.7603092783505154,0.10478502440578655
TOP2A,48.0,4.132302405498282,4.495274914089347,0.12146351245747651
BIRC5,48.0,0.5846219931271478,0.44544673539518903,-0.39225117191974884
TPX2,48.0,4.623281786941581,5.010738831615121,0.11610604707285097
NUSAP1,48.0,0.8797250859106529,0.9570446735395189,0.12153351720754144
CENPF,48.0,7.785223367697594,9.80627147766323,0.3329662692267862
PTTG1,48.0,4.114261168384879,4.2298109965635735,0.03995982255346168
HJURP,48.0,0.4162371134020619,0.40378006872852235,-0.043835908743150326
UBE2C,48.0,3.5463917525773194,3.714347079037801,0.06675671852110239
RACGAP1,48.0,0.15764604810996563,0.04896907216494845,-1.6867462183686024
NDC80,48.0,0.44415807560137455,0.49785223367697595,0.1646443803412184
CDCA3,48.0,0.5914948453608248,0.5395189003436426,-0.13269209500836354
DLGAP5,48.0,0.23238831615120276,0.23195876288659795,-0.002669186764487835
CDKN3,48.0,0.6030927835051546,0.5734536082474226,-0.07270319360600466
NUF2,48.0,0.6499140893470791,0.7401202749140894,0.18751071373765796
FBXO5,48.0,0.7658934707903781,0.8208762886597938,0.10002107522629176
CCNA2,48.0,0.5193298969072165,0.7152061855670103,0.46170793194868104
KIF23,48.0,0.4583333333333333,0.5124570446735395,0.16103386653835527
UBALD2,48.0,0.12929553264604812,0.19201030927835053,0.5705113407791292
PRRT2,48.0,0.15721649484536082,0.07560137457044673,-1.056268209740311
ELN,48.0,1.5811855670103092,1.6301546391752577,0.04400213589135893
KIF2C,48.0,0.18213058419243985,0.19243986254295534,0.07943446707005429
CDC20,48.0,0.25171821305841924,0.18814432989690721,-0.41996979288444086
SGO1,48.0,0.18599656357388317,0.13445017182130584,-0.4682043648203425
CCDC18,48.0,0.10996563573883161,0.0979381443298969,-0.16710998422409062
SPC25,48.0,0.48754295532646047,0.47079037800687284,-0.050444499112453745
KIFC1,48.0,0.13445017182130584,0.11898625429553264,-0.17627667948887427
HMMR,48.0,1.0008591065292096,1.0313573883161513,0.04330544864614858
TTK,48.0,0.4527491408934708,0.5064432989690721,0.16168885100470617
PIMREG,48.0,0.22336769759450173,0.1722508591065292,-0.3749093846568227
CKS2,48.0,1.9695017182130585,2.2285223367697595,0.1782567456841424
IER5,48.0,1.1804123711340206,1.3543814432989691,0.19834316570824448
MIR503HG,48.0,0.11769759450171821,0.12628865979381443,0.10164026104198445
JUND,48.0,1.7697594501718212,2.4059278350515463,0.4430400906612265
AURKB,48.0,0.6305841924398625,0.593213058419244,-0.08813864844103098
MEST,48.0,10.422680412371134,10.008161512027492,-0.05854936776028679
CKAP2,48.0,0.4179553264604811,0.4029209621993127,-0.05285188213693684
PSRC1,48.0,0.5713058419243986,0.5335051546391752,-0.09876107198914712
TMEM185A,48.0,0.6065292096219931,0.7457044673539519,0.2980268587293655
CDCA2,48.0,0.16537800687285223,0.14175257731958762,-0.22239241988251116
CDK1,48.0,0.9342783505154639,1.0897766323024054,0.22210811822014964
FOXM1,48.0,0.4428694158075601,0.49355670103092786,0.15633446494345513
PRC1,48.0,0.5575601374570447,0.6507731958762887,0.22302740999055376
ASPM,48.0,1.6323024054982818,2.029639175257732,0.31431491060446
HIST1H4C,48.0,10.016752577319588,10.470790378006873,0.06395548305783354
HIST2H2AC,48.0,0.41537800687285226,1.0163230240549828,1.2908622768092612
CCNB1,48.0,2.1761168384879723,2.156786941580756,-0.012872352038694952
NET1,48.0,1.27233676975945,1.5824742268041236,0.3147014205802644
LSM5,48.0,3.183848797250859,3.020189003436426,-0.07613298685921056
PBX3,48.0,0.07345360824742268,0.10867697594501718,0.5651410534425868
FAM122B,48.0,0.11168384879725086,0.07860824742268041,-0.5066679693091087
PAX6,48.0,0.6847079037800687,0.7474226804123711,0.1264356765688228
FANCD2,48.0,0.11597938144329897,0.15034364261168384,0.3743955119382435
LIG1,48.0,0.140893470790378,0.16151202749140894,0.19703684575236866
HIST1H1C,48.0,0.8634020618556701,1.6426116838487972,0.9278870211218087
REXO5,48.0,0.5451030927835051,0.5678694158075601,0.05903010756047979
UBE2S,48.0,1.9853951890034365,2.2336769759450172,0.16999436336741564
CDKN2C,48.0,1.0352233676975946,1.1018041237113403,0.0899256792928784
HIST1H2AG,48.0,0.04596219931271478,0.08805841924398626,0.9380130980989554
TUBA1B,48.0,17.343213058419245,16.8303264604811,-0.04330804043665729
FIGNL1,48.0,0.5717353951890034,0.6280068728522337,0.1354327398144443
CD9,48.0,0.5382302405498282,0.5455326460481099,0.019442082301787744
DDB2,48.0,0.16237113402061856,0.11125429553264604,-0.5454341324521437
NCAPG2,48.0,0.10223367697594501,0.10094501718213059,-0.018300816562793868
CKS1B,48.0,1.0584192439862543,0.8054123711340206,-0.3941116599961115
RTKN2,48.0,0.14776632302405499,0.12414089347079038,-0.25133907034334124
SPC24,48.0,0.4527491408934708,0.45919243986254293,0.020386986038563232
HIST1H2BH,48.0,0.7079037800687286,0.9750859106529209,0.4619760544366338
NCAPH,48.0,0.12328178694158076,0.13144329896907217,0.09248091529034329
HMGB2,48.0,2.524914089347079,1.8268900343642611,-0.4668445038072526
HIST1H1A,48.0,0.31572164948453607,0.47809278350515466,0.5986374360663217
CHEK2,48.0,0.12199312714776632,0.14432989690721648,0.24257030144385835
AZI2,48.0,1.1692439862542956,1.1168384879725086,-0.06615544353028097
TROAP,48.0,0.7341065292096219,0.8393470790378007,0.19327807004583675
VAMP1,48.0,0.05627147766323024,0.027491408934707903,-1.0334229746975414
COX7B,48.0,6.987972508591065,6.974226804123711,-0.002840650764032781
AL031777.3,48.0,0.37242268041237114,0.438573883161512,0.23587896707166967
TRIM59,48.0,0.5442439862542955,0.5850515463917526,0.10431017868636583
LRRC45,48.0,0.05756013745704467,0.07517182130584192,0.38512191550238767
PIDD1,48.0,0.49699312714776633,0.5463917525773195,0.13670980591442222
PITHD1,48.0,1.0777491408934707,1.0373711340206186,-0.05508928163393337
CCSAP,48.0,0.22809278350515463,0.281786941580756,0.3049839526087023
PTP4A1,48.0,1.1799828178694158,1.3530927835051547,0.1974949180423646
SCMH1,48.0,0.15893470790378006,0.09965635738831616,-0.6734004599893227
PFDN1,48.0,0.2706185567010309,0.24828178694158076,-0.12428233540698534
SGO2,48.0,0.8539518900343642,0.9059278350515464,0.08524133813447722
H2AFX,48.0,1.0768900343642611,1.1739690721649485,0.12452346357848505
LIN9,48.0,0.13530927835051546,0.1327319587628866,-0.027744990275871118
CDK5RAP3,48.0,0.7955326460481099,0.8878865979381443,0.1584542899765795
NCAPD2,48.0,0.5223367697594502,0.33719931271477666,-0.6313786681481338
ANP32E,48.0,1.5150343642611683,1.77233676975945,0.22630224532198784
SGCE,48.0,1.0975085910652922,1.2435567010309279,0.18024005689723296
NEK2,48.0,0.6872852233676976,0.6460481099656358,-0.08926733796310085
ZNF230,48.0,0.1211340206185567,0.08891752577319588,-0.4460643905842842
RNF219,48.0,0.25859106529209624,0.21692439862542956,-0.2534800980489238
CDCA5,48.0,0.46134020618556704,0.6108247422680413,0.40492747086870057
LMO4,48.0,0.38359106529209624,0.3320446735395189,-0.20819176061251687
YPEL1,48.0,0.19458762886597938,0.16065292096219932,-0.2764727785925152
MKI67,48.0,1.095790378006873,0.7285223367697594,-0.5889267283755499
DNAJB1,64.0,8.97766323024055,5.832044673539519,-0.622338208090332
HNRNPA1,64.0,14.0713058419244,14.415378006872853,0.03485244893562797
VIM,64.0,40.074742268041234,38.437714776632305,-0.06017067538804565
HBA2,64.0,2.363831615120275,2.7461340206185567,0.21627476508953303
EIF1,64.0,16.48496563573883,14.626288659793815,-0.1725871395931784
EEF1B2,64.0,22.585051546391753,22.588058419243985,0.00019206118693239604
CHCHD7,64.0,0.4793814432989691,0.5846219931271478,0.286330039133054
EMP3,64.0,2.1554982817869415,2.2263745704467355,0.04667492295421949
H1F0,64.0,1.7744845360824741,2.338917525773196,0.39844098855194876
LDHB,64.0,8.484965635738831,8.255154639175258,-0.039613576247002805
RPSA,64.0,34.74226804123711,31.416666666666668,-0.145161821330189
PDZD2,64.0,0.4115120274914089,0.36640893470790376,-0.167479913986339
OTUD1,64.0,1.2461340206185567,1.2332474226804124,-0.014996964978718065
GAPDH,64.0,30.159364261168385,30.6426116838488,0.022933246163040526
MIF,64.0,5.286512027491409,5.0743127147766325,-0.05910373347087919
GNAS,64.0,17.48582474226804,16.95618556701031,-0.04437418395524047
BNIP3,64.0,2.29553264604811,2.2938144329896906,-0.001080265898665153
WSCD1,64.0,0.10352233676975946,0.08848797250859107,-0.22638880667896363
LGALS1,64.0,55.72723367697594,56.68556701030928,0.02459891106439162
FKBP4,64.0,15.780498281786942,15.624570446735396,-0.014326232803088855
HSPH1,64.0,2.495704467353952,2.1215635738831615,-0.23431919481150318
CNBP,64.0,14.78479381443299,14.89561855670103,0.010773910222917337
FLCN,64.0,0.9802405498281787,1.102233676975945,0.1692223786381078
FOXO1,64.0,0.22723367697594501,0.13402061855670103,-0.7617216888360021
SMPDL3A,64.0,0.24742268041237114,0.17096219931271478,-0.5333003782908775
CCT8,64.0,3.4626288659793816,3.4080756013745703,-0.022910424582372538
ID2,64.0,1.4278350515463918,1.7328178694158076,0.2792907016647812
ZNF100,64.0,0.16280068728522337,0.11683848797250859,-0.4785911934347059
MBD6,64.0,0.6486254295532646,0.677405498281787,0.06263411048357072
HSPA1A,64.0,1.5867697594501717,1.3277491408934707,-0.25711021194684536
APOE,64.0,22.251288659793815,21.897766323024054,-0.0231051751192831
RPL22L1,64.0,8.834192439862543,9.175257731958762,0.054650423954961815
ANXA2R,64.0,0.45962199312714774,0.4725085910652921,0.03989272703790716
C1orf21,64.0,0.14347079037800686,0.12457044673539519,-0.20379520093342962
PARK7,64.0,13.15979381443299,13.048539518900343,-0.012248545720585676
PDCD5,64.0,0.8844501718213058,0.8642611683848798,-0.03331352478862296
GLUL,64.0,1.791237113402062,1.6756872852233677,-0.09620338525192493
ING4,64.0,0.8737113402061856,1.0678694158075601,0.28950661689476215
KLF2,64.0,0.8191580756013745,0.8518041237113402,0.05637983384859248
NDUFS6,64.0,7.362113402061856,7.671821305841925,0.059449144695569646
TNNT1,64.0,1.4209621993127148,1.2237972508591066,-0.2155036126838503
MYB,64.0,0.054553264604811,0.058848797250859106,0.10934739425802344
WIPF2,64.0,0.7925257731958762,0.9536082474226805,0.2669388599822141
OTUD3,64.0,0.25859106529209624,0.4102233676975945,0.6657372441012013
DUSP1,64.0,1.8088487972508591,1.9402920962199313,0.10120203821439099
NPM1,64.0,23.9643470790378,22.670103092783506,-0.0800986817399828
MYO19,64.0,0.19716494845360824,0.15549828178694158,-0.34250445436991667
DDRGK1,64.0,0.20403780068728522,0.14733676975945018,-0.4697189343244028
AC244197.2,64.0,0.03608247422680412,0.037371134020618556,0.05062607169123481
PTEN,64.0,0.32646048109965636,0.19458762886597938,-0.7464883652898008
PLEKHF2,64.0,0.0975085910652921,0.09321305841924399,-0.06499725416461215
IP6K2,64.0,2.079896907216495,2.2358247422680413,0.10429508413946821
CLN5,64.0,0.7444158075601375,0.7057560137457045,-0.07693917410393457
DNAH6,64.0,0.07388316151202749,0.0468213058419244,-0.6580804186390921
CEP72,64.0,0.12972508591065293,0.09020618556701031,-0.5241592167868238
LAMA2,64.0,1.3062714776632303,1.4312714776632303,0.13184258423829384
DDIT4,64.0,1.9201030927835052,1.4359965635738832,-0.4191314761999753
FAM83G,64.0,0.2555841924398625,0.2186426116838488,-0.2252240111658899
STIM2,64.0,0.2697594501718213,0.27362542955326463,0.020528813289112106
PANK2,64.0,0.5438144329896907,1.0124570446735395,0.896674352593853
COMP,64.0,0.010309278350515464,0.014604810996563574,0.5025002993699459
HSPA6,64.0,7.7946735395189,10.602233676975946,0.4438077379194902
SF1,64.0,4.018900343642612,3.9467353951890036,-0.026141004967939765
POLA1,64.0,0.22723367697594501,0.22293814432989692,-0.02753318363381441
POLH,64.0,0.1129725085910653,0.08934707903780069,-0.33847926777444304
GAMT,64.0,1.3668384879725086,1.6035223367697595,0.2304016728162281
AL450384.1,64.0,0.11125429553264604,0.12027491408934708,0.11247472828584677
PKN3,64.0,0.09235395189003437,0.08548109965635739,-0.1115682277898222
OBSL1,64.0,0.8440721649484536,1.2371134020618557,0.5515394986406763
CCDC28A,64.0,0.6920103092783505,0.6817010309278351,-0.021654365839858806
CCDC144NL-AS1,64.0,0.09020618556701031,0.06786941580756013,-0.41046476422540046
MYLPF,64.0,1.738831615120275,1.7564432989690721,0.014538772823736215
SLC26A5,64.0,0.35266323024054985,0.38745704467353953,0.13574521111021523
SLC3A2,64.0,1.4067869415807561,1.1649484536082475,-0.2721377279629363
LAMA4,64.0,4.581615120274914,5.277920962199313,0.20411347639607563
MDH2,64.0,1.7508591065292096,1.7246563573883162,-0.021754063748618022
PABPN1,64.0,1.6670962199312716,1.8651202749140894,0.16193129273781537
DNAI1,64.0,0.010309278350515464,0.010738831615120275,0.05889368345591231
DCP2,64.0,1.2225085910652922,1.461340206185567,0.2574474789440332
GPCPD1,64.0,0.4729381443298969,0.6086769759450171,0.36402528867336975
AC106707.1,64.0,0.11812714776632302,0.09664948453608248,-0.28950661448096937
OAS3,64.0,0.3917525773195876,0.3582474226804124,-0.12898644037565582
EIF2A,64.0,2.1172680412371134,2.3157216494845363,0.12925792850147322
MAPK11,64.0,0.08462199312714777,0.054553264604811,-0.6333671232872888
ANKH,64.0,0.1095360824742268,0.1052405498281787,-0.05771549731869721
FSTL5,64.0,0.47121993127147765,0.39647766323024053,-0.24916097218025585
SNRPF,64.0,9.631872852233677,9.670962199312715,0.005843088242135221
ZBTB48,64.0,0.16623711340206185,0.11683848797250859,-0.5087269112248363
RFWD3,64.0,0.2036082474226804,0.18900343642611683,-0.10738353482607267
RBM4,64.0,0.25171821305841924,0.24054982817869416,-0.06547383721118132
BANF1,64.0,2.645618556701031,2.584192439862543,-0.0338915611391585
DEDD2,64.0,1.731958762886598,2.031786941580756,0.23034454460391848
AC148476.1,64.0,0.37242268041237114,0.33591065292096217,-0.1488633854934164
PPP2R3B,64.0,0.1559278350515464,0.06357388316151202,-1.2943723589259233
LNCSRLR,64.0,0.0897766323024055,0.10352233676975946,0.20553020201532582
CDC37,64.0,0.6305841924398625,0.618127147766323,-0.028785376056807515
ATL2,64.0,0.6404639175257731,0.7676116838487973,0.2612593763849298
MTRNR2L10,64.0,0.45017182130584193,0.5399484536082474,0.2623459323502043
LNX2,64.0,0.061855670103092786,0.07903780068728522,0.3536369495443592
SULT1E1,64.0,1.0803264604810996,1.0206185567010309,-0.08202356381399906
HSPA1B,64.0,20.629295532646047,0.3393470790378007,-5.925789146194336
GTSE1,64.0,0.9037800687285223,1.043384879725086,0.20722778512997944
TOP2A,64.0,4.21520618556701,5.443298969072165,0.3688780751984561
BIRC5,64.0,0.7070446735395189,0.5008591065292096,-0.49739654638114655
TPX2,64.0,4.823453608247423,5.368986254295533,0.15458322056516138
NUSAP1,64.0,1.2336769759450172,1.127147766323024,-0.13028802909444262
CENPF,64.0,7.739690721649485,9.634450171821307,0.3159264183389292
PTTG1,64.0,4.59020618556701,4.447164948453608,-0.04567304265599387
HJURP,64.0,0.4695017182130584,0.49269759450171824,0.06957199019925395
UBE2C,64.0,3.241408934707904,3.9471649484536084,0.2841957674304231
RACGAP1,64.0,0.16280068728522337,0.13359106529209622,-0.2852832661028773
NDC80,64.0,0.5554123711340206,0.570446735395189,0.03853287146821168
CDCA3,64.0,0.695446735395189,0.6610824742268041,-0.07310975386652005
DLGAP5,64.0,0.31958762886597936,0.37628865979381443,0.23562824781291433
CDKN3,64.0,0.5773195876288659,0.7001718213058419,0.27833882590121295
NUF2,64.0,0.7650343642611683,0.8182989690721649,0.09710348115631594
FBXO5,64.0,0.8651202749140894,0.9686426116838488,0.1630637499577335
CCNA2,64.0,0.6924398625429553,0.7985395189003437,0.20567502611468635
KIF23,64.0,0.6241408934707904,0.5399484536082474,-0.20905005285191033
UBALD2,64.0,0.19115120274914088,0.15936426116838487,-0.262386147727545
PRRT2,64.0,0.18256013745704466,0.08290378006872852,-1.1388619842575163
ELN,64.0,1.5309278350515463,1.6013745704467355,0.06490452309090254
KIF2C,64.0,0.2959621993127148,0.25902061855670105,-0.192345980108991
CDC20,64.0,0.436426116838488,0.3745704467353952,-0.22050036144934354
SGO1,64.0,0.2701890034364261,0.19415807560137457,-0.47673724237316084
CCDC18,64.0,0.15378006872852235,0.1018041237113402,-0.5950725235762622
SPC25,64.0,0.5687285223367697,0.5957903780068728,0.0670646654011635
KIFC1,64.0,0.19759450171821305,0.1718213058419244,-0.2016338600744567
HMMR,64.0,1.2757731958762886,1.311426116838488,0.039764658487908555
TTK,64.0,0.5485395189003437,0.6108247422680413,0.15516293964850614
PIMREG,64.0,0.3380584192439863,0.30927835051546393,-0.12836672878068858
CKS2,64.0,1.931701030927835,2.129725085910653,0.14079538734826325
IER5,64.0,1.0820446735395188,1.2736254295532645,0.235180982498567
MIR503HG,64.0,0.12457044673539519,0.09536082474226804,-0.3854932201173854
JUND,64.0,1.8470790378006874,2.082044673539519,0.1727554226014313
AURKB,64.0,0.7577319587628866,0.8496563573883161,0.16519186499560004
MEST,64.0,10.94201030927835,10.568298969072165,-0.050134635088103244
CKAP2,64.0,0.4368556701030928,0.3801546391752577,-0.2005703183945712
PSRC1,64.0,0.654639175257732,0.645618556701031,-0.020017893546165753
TMEM185A,64.0,0.6344501718213058,0.729381443298969,0.20116663249229016
CDCA2,64.0,0.17053264604810997,0.1645189003436426,-0.05179461490876038
CDK1,64.0,0.9763745704467354,1.2139175257731958,0.31416378122694977
FOXM1,64.0,0.5253436426116839,0.654639175257732,0.31743849842354416
PRC1,64.0,0.6670962199312714,0.7392611683848798,0.14818926744178973
ASPM,64.0,1.9175257731958764,2.222938144329897,0.21322183534149286
HIST1H4C,64.0,12.00171821305842,10.414518900343642,-0.20464476699481335
HIST2H2AC,64.0,0.8560996563573883,1.1176975945017182,0.3846792514843166
CCNB1,64.0,2.4059278350515463,2.3552405498281788,-0.030718954637654106
NET1,64.0,1.2916666666666667,1.822594501718213,0.49675981039136907
LSM5,64.0,3.3780068728522337,3.0738831615120277,-0.13610993424641743
PBX3,64.0,0.15721649484536082,0.10266323024054982,-0.6148330254270856
FAM122B,64.0,0.0352233676975945,0.08419243986254296,1.257157815674345
PAX6,64.0,0.7650343642611683,0.7946735395189003,0.054837754231720576
FANCD2,64.0,0.17353951890034364,0.1490549828178694,-0.21941962880794003
LIG1,64.0,0.1722508591065292,0.20146048109965636,0.2259856848460913
HIST1H1C,64.0,0.906786941580756,1.802405498281787,0.9910880984395427
REXO5,64.0,0.6292955326460481,0.625,-0.009881511498207549
UBE2S,64.0,1.9243986254295533,2.0919243986254297,0.12042303996470163
CDKN2C,64.0,1.0266323024054982,1.1357388316151202,0.1457115585045814
HIST1H2AG,64.0,0.1095360824742268,0.13616838487972507,0.3139855907045261
TUBA1B,64.0,17.141323024054984,16.15807560137457,-0.08522307986449329
FIGNL1,64.0,0.6125429553264605,0.6327319587628866,0.04678344851681023
CD9,64.0,0.5562714776632303,0.5541237113402062,-0.005581032253247354
DDB2,64.0,0.18986254295532645,0.13659793814432988,-0.47501960114408875
NCAPG2,64.0,0.11640893470790378,0.13960481099656358,0.26214686450274477
CKS1B,64.0,1.2182130584192439,0.8187285223367697,-0.5733094127517292
RTKN2,64.0,0.12757731958762886,0.10738831615120274,-0.2485348340127001
SPC24,64.0,0.5236254295532646,0.5760309278350515,0.1376111110336019
HIST1H2BH,64.0,0.6988831615120275,1.1335910652920962,0.6977770988621311
NCAPH,64.0,0.195446735395189,0.17439862542955326,-0.16438681701000873
HMGB2,64.0,2.643041237113402,2.0691580756013748,-0.3531550684626395
HIST1H1A,64.0,0.5347938144329897,0.6189862542955327,0.2109245928523769
CHEK2,64.0,0.11597938144329897,0.15206185567010308,0.3907899500804829
AZI2,64.0,1.1971649484536082,1.2474226804123711,0.05932845084338944
TROAP,64.0,0.8320446735395189,0.9355670103092784,0.16917999992179183
VAMP1,64.0,0.06314432989690721,0.02577319587628866,-1.292781716098858
COX7B,64.0,6.578608247422681,6.523625429553265,-0.012108455131483587
AL031777.3,64.0,0.43427835051546393,0.35266323024054985,-0.3003288693564036
TRIM59,64.0,0.665807560137457,0.7134879725085911,0.09978385765597292
LRRC45,64.0,0.08419243986254296,0.08075601374570447,-0.060120991708392905
PIDD1,64.0,0.5476804123711341,0.5352233676975945,-0.03319317866090924
PITHD1,64.0,1.1108247422680413,1.1829896907216495,0.09080628424548265
CCSAP,64.0,0.31915807560137455,0.281786941580756,-0.1796663953210194
PTP4A1,64.0,1.2465635738831615,1.404209621993127,0.17180185757059102
SCMH1,64.0,0.16924398625429554,0.10051546391752578,-0.7516870940443561
PFDN1,64.0,0.2418384879725086,0.22551546391752578,-0.10081749909495376
SGO2,64.0,1.0631443298969072,0.9467353951890034,-0.16730430111632164
H2AFX,64.0,1.0923539518900343,1.3634020618556701,0.3197706658825129
LIN9,64.0,0.13831615120274915,0.15120274914089346,0.12851473963372406
CDK5RAP3,64.0,0.945446735395189,0.8973367697594502,-0.07534665274263688
NCAPD2,64.0,0.5399484536082474,0.42826460481099654,-0.33431923932552404
ANP32E,64.0,1.5807560137457044,1.6945876288659794,0.10031953389513878
SGCE,64.0,1.1155498281786942,1.2860824742268042,0.20522820720852522
NEK2,64.0,0.7684707903780069,0.7250859106529209,-0.08383848323239307
ZNF230,64.0,0.0700171821305842,0.08161512027491409,0.22112745117180968
RNF219,64.0,0.2869415807560137,0.19716494845360824,-0.5413539467708813
CDCA5,64.0,0.6439003436426117,0.6855670103092784,0.09046026813831198
LMO4,64.0,0.37800687285223367,0.27233676975945015,-0.4730206819043696
YPEL1,64.0,0.211340206185567,0.18041237113402062,-0.22826898650287542
MKI67,64.0,1.9879725085910653,1.75,-0.18394288404291653
DNAJB1,80.0,7.743986254295533,6.125429553264605,-0.33826537333488155
HNRNPA1,80.0,14.154639175257731,14.075601374570446,-0.008078410867684502
VIM,80.0,33.82946735395189,34.80197594501718,0.04088875798283468
HBA2,80.0,2.7804982817869415,3.22766323024055,0.21514661203426913
EIF1,80.0,12.456185567010309,14.200601374570446,0.18908968466808967
EEF1B2,80.0,19.623711340206185,23.064432989690722,0.23307190848313925
CHCHD7,80.0,0.5442439862542955,0.5940721649484536,0.12638463178734535
EMP3,80.0,2.2487113402061856,2.2912371134020617,0.027028287720847605
H1F0,80.0,1.9355670103092784,2.5579896907216493,0.40225419433468346
LDHB,80.0,8.393900343642612,8.382731958762887,-0.00192083554894323
RPSA,80.0,28.554123711340207,31.88573883161512,0.1592121997380924
PDZD2,80.0,0.47766323024054985,0.4802405498281787,0.007763400103473289
OTUD1,80.0,1.6610824742268042,1.6890034364261168,0.024048557243415657
GAPDH,80.0,30.94372852233677,30.069158075601376,-0.04136256923610697
MIF,80.0,5.207474226804123,4.913659793814433,-0.08378582044077831
GNAS,80.0,17.7590206185567,17.616408934707902,-0.011632157474779877
BNIP3,80.0,2.2310996563573884,2.200171821305842,-0.020138761071849164
WSCD1,80.0,0.1018041237113402,0.11039518900343642,0.11688129919279532
LGALS1,80.0,58.57903780068729,59.49828178694158,0.022463510153967015
FKBP4,80.0,14.994415807560138,16.76159793814433,0.1607343774961095
HSPH1,80.0,2.2933848797250858,2.02233676975945,-0.1814552285417552
CNBP,80.0,14.940292096219931,14.542096219931272,-0.03897310796049448
FLCN,80.0,1.0210481099656357,1.1786941580756014,0.20713857804140018
FOXO1,80.0,0.22164948453608246,0.15549828178694158,-0.5113813655710678
SMPDL3A,80.0,0.24699312714776633,0.23024054982817868,-0.10132895494896481
CCT8,80.0,3.3002577319587627,3.3032646048109964,0.001313844530166317
ID2,80.0,1.381872852233677,1.7289518900343643,0.32327284702702214
ZNF100,80.0,0.14390034364261167,0.125,-0.2031419409209444
MBD6,80.0,0.7349656357388317,0.7289518900343642,-0.011853194930556182
HSPA1A,80.0,1.8831615120274914,1.6597938144329898,-0.18215270402165476
APOE,80.0,22.58848797250859,22.197594501718214,-0.025184359125766543
RPL22L1,80.0,8.150343642611684,8.611254295532646,0.07936250364698637
ANXA2R,80.0,0.5416666666666666,0.5631443298969072,0.05609940979195458
C1orf21,80.0,0.19802405498281786,0.1323024054982818,-0.581836396115364
PARK7,80.0,13.775343642611684,13.459192439862543,-0.03349645909425847
PDCD5,80.0,0.8002577319587629,0.8462199312714777,0.08056795530418312
GLUL,80.0,1.6808419243986255,1.254725085910653,-0.4218127517801227
ING4,80.0,0.8599656357388317,1.0459621993127148,0.28247979783539123
KLF2,80.0,1.004725085910653,0.9110824742268041,-0.14114724067428747
NDUFS6,80.0,7.61254295532646,7.237972508591065,-0.07279283568488548
TNNT1,80.0,1.2405498281786942,1.354810996563574,0.12711191780525927
MYB,80.0,0.05283505154639175,0.06056701030927835,0.19703684357372703
WIPF2,80.0,0.8814432989690721,1.0077319587628866,0.19317228221633853
OTUD3,80.0,0.2598797250859107,0.47465635738831613,0.8690393196048933
DUSP1,80.0,1.9110824742268042,2.299828178694158,0.2671360403373867
NPM1,80.0,19.95790378006873,19.606099656357387,-0.02565763815943868
MYO19,80.0,0.179553264604811,0.1722508591065292,-0.05990070528533024
DDRGK1,80.0,0.14347079037800686,0.17525773195876287,0.2887210476736206
AC244197.2,80.0,0.11082474226804123,0.08762886597938144,-0.33880191000586873
PTEN,80.0,0.25257731958762886,0.21005154639175258,-0.2659816887277349
PLEKHF2,80.0,0.06786941580756013,0.07560137457044673,0.15565086828619074
IP6K2,80.0,2.15893470790378,2.386168384879725,0.14437624033216245
CLN5,80.0,0.8994845360824743,0.8213058419243986,-0.1311789187973862
DNAH6,80.0,0.07087628865979381,0.0665807560137457,-0.09019780765834504
CEP72,80.0,0.07302405498281787,0.07731958762886598,0.08246215909439325
LAMA2,80.0,1.4085051546391754,1.541237113402062,0.12992398843798947
DDIT4,80.0,1.6374570446735395,1.4768041237113403,-0.14897857433603554
FAM83G,80.0,0.30455326460481097,0.25300687285223367,-0.2675179924439444
STIM2,80.0,0.22422680412371135,0.2865120274914089,0.35363695321598554
PANK2,80.0,0.5330756013745704,1.0214776632302405,0.9382455983212991
COMP,80.0,0.011168384879725086,0.009879725085910653,-0.17687774523494695
HSPA6,80.0,8.489690721649485,10.792096219931272,0.346191213516375
SF1,80.0,2.783505154639175,2.952319587628866,0.08494614622420772
POLA1,80.0,0.26847079037800686,0.2418384879725086,-0.15072126687743914
POLH,80.0,0.14261168384879724,0.1052405498281787,-0.4384014887520542
GAMT,80.0,1.402061855670103,1.6082474226804124,0.19793937747998833
AL450384.1,80.0,0.1018041237113402,0.10051546391752578,-0.018378529133171336
PKN3,80.0,0.10094501718213059,0.0661512027491409,-0.6097303983529357
OBSL1,80.0,0.9355670103092784,1.1713917525773196,0.32431074588791003
CCDC28A,80.0,0.7830756013745704,0.7259450171821306,-0.10929131472459845
CCDC144NL-AS1,80.0,0.0975085910652921,0.10051546391752578,0.04381623184988719
MYLPF,80.0,1.6103951890034365,1.695446735395189,0.07425069356007205
SLC26A5,80.0,0.44372852233676974,0.35094501718213056,-0.338432269859791
SLC3A2,80.0,1.2830756013745706,1.3118556701030928,0.032002824461393145
LAMA4,80.0,4.49914089347079,5.321305841924398,0.24213077817576864
MDH2,80.0,1.7233676975945018,1.8311855670103092,0.08754744930246601
PABPN1,80.0,1.5987972508591066,1.8432130584192439,0.2052358455695778
DNAI1,80.0,0.013745704467353952,0.01288659793814433,-0.09310939739441107
DCP2,80.0,1.5193298969072164,1.7985395189003437,0.24339069889197149
GPCPD1,80.0,0.40420962199312716,0.5824742268041238,0.5270905493154711
AC106707.1,80.0,0.1400343642611684,0.12457044673539519,-0.1688190629372201
OAS3,80.0,0.4411512027491409,0.4480240549828179,0.022302976151403316
EIF2A,80.0,2.1189862542955327,2.5352233676975944,0.2587386333257328
MAPK11,80.0,0.0665807560137457,0.06013745704467354,-0.14684138600766228
ANKH,80.0,0.14390034364261167,0.11512027491408934,-0.32192809238094894
FSTL5,80.0,0.4579037800687285,0.47079037800687284,0.04004036011511043
SNRPF,80.0,10.323453608247423,10.384879725085911,0.008558816648332778
ZBTB48,80.0,0.17310996563573883,0.12285223367697594,-0.4947646883402224
RFWD3,80.0,0.22250859106529208,0.17353951890034364,-0.35859680310517983
RBM4,80.0,0.24312714776632302,0.20575601374570446,-0.24077639601793527
BANF1,80.0,2.7697594501718212,2.633591065292096,-0.07272933919226844
DEDD2,80.0,1.9467353951890034,2.198453608247423,0.17543228613407824
AC148476.1,80.0,0.4536082474226804,0.44029209621993126,-0.042985924869454774
PPP2R3B,80.0,0.1404639175257732,0.08505154639175258,-0.7237901987268066
LNCSRLR,80.0,0.11426116838487972,0.12199312714776632,0.09446468320323446
CDC37,80.0,0.35652920962199314,0.3492268041237113,-0.029855984074646427
ATL2,80.0,0.8036941580756014,0.8200171821305842,0.029007544127421025
MTRNR2L10,80.0,0.5747422680412371,0.5223367697594502,-0.13793488694603354
LNX2,80.0,0.09536082474226804,0.08333333333333333,-0.19450302197943994
SULT1E1,80.0,1.0691580756013745,1.0571305841924399,-0.016321572507523422
HSPA1B,80.0,19.329896907216494,0.40936426116838487,-5.561304973632223
GTSE1,80.0,1.2890893470790379,1.634020618556701,0.3420739270260279
TOP2A,80.0,5.260309278350515,7.230670103092783,0.45898173036262524
BIRC5,80.0,1.5691580756013745,1.706615120274914,0.12114703965202797
TPX2,80.0,5.633591065292096,7.167955326460481,0.34750680167716613
NUSAP1,80.0,1.467783505154639,1.7079037800687284,0.21858750899482773
CENPF,80.0,7.939432989690721,10.125,0.3508140247178473
PTTG1,80.0,5.804553264604811,6.695017182130584,0.20590272072839172
HJURP,80.0,0.6692439862542955,0.8556701030927835,0.35452241353674435
UBE2C,80.0,3.693298969072165,4.751288659793815,0.36340880674469
RACGAP1,80.0,0.3651202749140893,0.3006872852233677,-0.28010791834603094
NDC80,80.0,0.8170103092783505,0.9574742268041238,0.22887937014013834
CDCA3,80.0,1.0652920962199313,1.0485395189003437,-0.022867825471446255
DLGAP5,80.0,0.8367697594501718,0.7830756013745704,-0.09567911592498761
CDKN3,80.0,0.9806701030927835,1.1194158075601375,0.19090622416109404
NUF2,80.0,1.0708762886597938,1.2353951890034365,0.20618079276838772
FBXO5,80.0,1.070446735395189,1.331615120274914,0.3149641468732651
CCNA2,80.0,1.0038659793814433,1.2096219931271477,0.2689895996100151
KIF23,80.0,0.7637457044673539,0.9737972508591065,0.3505290665035577
UBALD2,80.0,0.33634020618556704,0.35051546391752575,0.05955684450698675
PRRT2,80.0,0.17482817869415807,0.13745704467353953,-0.34695688713535194
ELN,80.0,1.5446735395189004,1.597938144329897,0.04890960044981376
KIF2C,80.0,0.5382302405498282,0.5489690721649485,0.028501421572699755
CDC20,80.0,0.9819587628865979,0.9042096219931272,-0.11900517013438927
SGO1,80.0,0.3853092783505155,0.48238831615120276,0.3241780367278217
CCDC18,80.0,0.17525773195876287,0.14432989690721648,-0.2801079174287679
SPC25,80.0,0.8346219931271478,0.9643470790378007,0.20842954381063658
KIFC1,80.0,0.36125429553264604,0.3122852233676976,-0.2101504357093226
HMMR,80.0,1.5150343642611683,1.7422680412371134,0.2016160764528923
TTK,80.0,0.7895189003436426,0.9398625429553265,0.25147597121121945
PIMREG,80.0,0.6451890034364262,0.563573883161512,-0.19511709257236548
CKS2,80.0,2.0816151202749142,2.0631443298969074,-0.012858596207728374
IER5,80.0,1.1512027491408934,1.2731958762886597,0.1453124468406211
MIR503HG,80.0,0.21950171821305842,0.1172680412371134,-0.9044223342878178
JUND,80.0,1.5489690721649485,2.106529209621993,0.4435595820119177
AURKB,80.0,1.0360824742268042,1.2706185567010309,0.294392144941958
MEST,80.0,11.515034364261169,11.000429553264604,-0.06595885623965553
CKAP2,80.0,0.770618556701031,0.6963058419243986,-0.14629579920191862
PSRC1,80.0,0.8887457044673539,0.9020618556701031,0.021455682669512546
TMEM185A,80.0,0.7289518900343642,0.7912371134020618,0.11828649639287711
CDCA2,80.0,0.436426116838488,0.25859106529209624,-0.7550650077391066
CDK1,80.0,1.3298969072164948,1.7774914089347078,0.41852817344242865
FOXM1,80.0,0.8707044673539519,0.9875429553264605,0.18166037705524618
PRC1,80.0,0.9140893470790378,1.0085910652920962,0.1419342574609824
ASPM,80.0,2.3947594501718212,3.3054123711340204,0.4649495213545692
HIST1H4C,80.0,24.932989690721648,24.35352233676976,-0.03392543584335512
HIST2H2AC,80.0,1.1602233676975946,1.39733676975945,0.2682771823211619
CCNB1,80.0,2.816151202749141,3.3380584192439864,0.24528440720577815
NET1,80.0,1.4879725085910653,1.5876288659793814,0.09352582662847186
LSM5,80.0,3.6323024054982818,3.6774054982817868,0.017803949197436365
PBX3,80.0,0.15420962199312716,0.15292096219931273,-0.012106602777815773
FAM122B,80.0,0.0975085910652921,0.1095360824742268,0.16780494794333142
PAX6,80.0,0.947594501718213,0.9561855670103093,0.013020801736898074
FANCD2,80.0,0.25601374570446733,0.18341924398625428,-0.4810762586113364
LIG1,80.0,0.21778350515463918,0.21993127147766323,0.01415806293196752
HIST1H1C,80.0,1.7689003436426116,2.0210481099656357,0.19225089288189126
REXO5,80.0,0.7551546391752577,0.852233676975945,0.17447695502584776
UBE2S,80.0,2.1052405498281788,2.142611683848797,0.025385318407960916
CDKN2C,80.0,1.272766323024055,1.4286941580756014,0.1667295422022753
HIST1H2AG,80.0,0.24570446735395188,0.2508591065292096,0.029953221980977357
TUBA1B,80.0,17.152491408934708,16.697164948453608,-0.03881497902094587
FIGNL1,80.0,0.7461340206185567,0.7985395189003437,0.09792901608219573
CD9,80.0,0.38445017182130586,0.2757731958762887,-0.4793143835504797
DDB2,80.0,0.15120274914089346,0.140893470790378,-0.10187961332105785
NCAPG2,80.0,0.2607388316151203,0.1958762886597938,-0.4126626902587066
CKS1B,80.0,1.7190721649484537,1.3921821305841924,-0.3042821463908464
RTKN2,80.0,0.21348797250859106,0.16108247422680413,-0.4063552539805265
SPC24,80.0,0.6653780068728522,0.8457903780068728,0.3461259666494875
HIST1H2BH,80.0,1.1812714776632303,1.3556701030927836,0.19866558655696076
NCAPH,80.0,0.26890034364261167,0.2847938144329897,0.08284621288055605
HMGB2,80.0,4.210051546391752,3.3333333333333335,-0.33687230299459925
HIST1H1A,80.0,0.6091065292096219,0.7839347079037801,0.3640389308870084
CHEK2,80.0,0.16022336769759452,0.20618556701030927,0.36385877334607797
AZI2,80.0,1.152061855670103,1.3208762886597938,0.19727717304944425
TROAP,80.0,1.034364261168385,1.386168384879725,0.4223581853732538
VAMP1,80.0,0.13960481099656358,0.09020618556701031,-0.6300503845905248
COX7B,80.0,7.175257731958763,6.716494845360825,-0.0953221272668603
AL031777.3,80.0,0.6254295532646048,0.7624570446735395,0.28580866866614935
TRIM59,80.0,0.6185567010309279,0.9553264604810997,0.627087975571635
LRRC45,80.0,0.09192439862542956,0.08161512027491409,-0.1716113760877531
PIDD1,80.0,0.6932989690721649,0.7396907216494846,0.09344456398855364
PITHD1,80.0,1.179553264604811,1.2491408934707904,0.08269564370435749
CCSAP,80.0,0.3286082474226804,0.4372852233676976,0.4122059074045704
PTP4A1,80.0,1.1696735395189004,1.404209621993127,0.2636523945174602
SCMH1,80.0,0.19673539518900343,0.12156357388316151,-0.6945455407304127
PFDN1,80.0,0.22336769759450173,0.13187285223367698,-0.760272963177064
SGO2,80.0,1.311426116838488,1.3350515463917525,0.02575891418146247
H2AFX,80.0,1.3655498281786942,1.5798969072164948,0.21034846313062536
LIN9,80.0,0.2031786941580756,0.15420962199312716,-0.39785633726155034
CDK5RAP3,80.0,0.9669243986254296,1.0558419243986255,0.12691885879285372
NCAPD2,80.0,0.9690721649484536,0.7079037800687286,-0.4530508246663319
ANP32E,80.0,1.6155498281786942,1.7336769759450172,0.10180986800520439
SGCE,80.0,1.1701030927835052,1.3079896907216495,0.16071552465164615
NEK2,80.0,1.052405498281787,1.2263745704467355,0.22070899616580766
ZNF230,80.0,0.10824742268041238,0.1013745704467354,-0.0946368732344987
RNF219,80.0,0.24441580756013745,0.22079037800687284,-0.1466602924810999
CDCA5,80.0,0.8457903780068728,1.0077319587628866,0.25273990185284473
LMO4,80.0,0.40850515463917525,0.30326460481099654,-0.4297771563638124
YPEL1,80.0,0.22852233676975944,0.19243986254295534,-0.2479275122598704
MKI67,80.0,3.5992268041237114,3.379725085910653,-0.09078111669654312
